Ticker,Name,Exchange
AUDUSD=X,AUD/USD,CCY
AUDCHF=X,AUD/CHF,CCY
AUDNZD=X,AUD/NZD,CCY
AUDEUR=X,AUD/EUR,CCY
AUDTWD=X,AUD/TWD,CCY
AUDMXN=X,AUD/MXN,CCY
AUDJPY=X,AUD/JPY,CCY
NZDJPY=X,NZD/JPY,CCY
EURXAF=X,EUR/XAF,CCY
EURPEN=X,EUR/PEN,CCY
EURBDT=X,EUR/BDT,CCY
CAD=X,USD/CAD,CCY
AZNUSD=X,AZN/USD,CCY
AZNCHF=X,AZN/CHF,CCY
AUDSCR=X,AUD/SCR,CCY
AUDMOP=X,AUD/MOP,CCY
AUDKRW=X,AUD/KRW,CCY
AUDHNL=X,AUD/HNL,CCY
AUDGIP=X,AUD/GIP,CCY
AUDGBP=X,AUD/GBP,CCY
AUDCZK=X,AUD/CZK,CCY
AUDCLP=X,AUD/CLP,CCY
AUDCAD=X,AUD/CAD,CCY
ARSKRW=X,ARS/KRW,CCY
ARSGBP=X,ARS/GBP,CCY
ALLGBP=X,ALL/GBP,CCY
AEDTWD=X,AED/TWD,CCY
AEDSEK=X,AED/SEK,CCY
AEDQAR=X,AED/QAR,CCY
AEDOMR=X,AED/OMR,CCY
AEDMXN=X,AED/MXN,CCY
AEDMAD=X,AED/MAD,CCY
AEDLTL=X,AED/LTL,CCY
AEDKWD=X,AED/KWD,CCY
AEDHKD=X,AED/HKD,CCY
AEDCNY=X,AED/CNY,CCY
AEDAUD=X,AED/AUD,CCY
AEDKRW=X,AED/KRW,CCY
XF000EURCOP7.SG,,
AEDUSD=X,AED/USD,CCY
ARSCOP=X,ARS/COP,CCY
AUDRON=X,AUD/RON,CCY
ARSUSD=X,ARS/USD,CCY
AEDISK=X,AED/ISK,CCY
AEDLVL=X,AED/LVL,CCY
EURUYU=X,EUR/UYU,CCY
EUR-BDT.F,EUR-BDT.F,
AEDPHP=X,AED/PHP,CCY
AEDCAD=X,AED/CAD,CCY
HU32.EX,,
AUTIE.SW,,
AUDBMD=X,AUD/BMD,CCY
ARSCLP=X,ARS/CLP,CCY
AWG=X,USD/AWG,CCY
AUDVEF=X,AUD/VEF,CCY
ANGEUR=X,ANG/EUR,CCY
AEDSGD=X,AED/SGD,CCY
AEDKES=X,AED/KES,CCY
AEDNZD=X,AED/NZD,CCY
ANGZAR=X,ANG/ZAR,CCY
EUR-TRY.F,EUR-TRY.F,FRA
ARSHKD=X,ARS/HKD,CCY
HG12.EX,,
AUDMAD=X,AUD/MAD,CCY
AUDTND=X,AUD/TND,CCY
AUDMGA=X,AUD/MGA,CCY
AUD=X,USD/AUD,CCY
AUDILS=X,AUD/ILS,CCY
ARSMXN=X,ARS/MXN,CCY
AUDOMR=X,AUD/OMR,CCY
ARSVEF=X,ARS/VEF,CCY
AUDRUB=X,AUD/RUB,CCY
AUDLVL=X,AUD/LVL,CCY
AEDBHD=X,AED/BHD,CCY
EURJOD=X,EUR/JOD,CCY
ALLEUR=X,ALL/EUR,CCY
881347.VI,881347.VI,VIE
AUDBWP=X,AUD/BWP,CCY
AUBEZ.SW,,
AUDGHS=X,AUD/GHS,CCY
HF52.EX,HF52.EX,EUX
AUDCRC=X,AUD/CRC,CCY
ANGCHF=X,ANG/CHF,CCY
EUR-KZT.F,EUR-KZT.F,FRA
AUDIDR=X,AUD/IDR,CCY
AUDQAR=X,AUD/QAR,CCY
AFN=X,USD/AFN,CCY
EUR-PEN.F,EUR-PEN.F,
AUDSYP=X,AUD/SYP,CCY
AEDCZK=X,AED/CZK,CCY
ARSPYG=X,ARS/PYG,CCY
AEDNOK=X,AED/NOK,CCY
AUDPLN=X,AUD/PLN,CCY
EUR-MUR.F,EUR-MUR.F,
AUDINR=X,AUD/INR,CCY
AEDTND=X,AED/TND,CCY
AEDXDR=X,AED/XDR,CCY
AUDXCD=X,AUD/XCD,CCY
EUR-BWP.F,EUR-BWP.F,
HU42.EX,,
EUR-COP.F,EUR-COP.F,
AUDTTD=X,AUD/TTD,CCY
AUDANG=X,AUD/ANG,CCY
AUDFJD=X,AUD/FJD,CCY
AEDPKR=X,AED/PKR,CCY
AUDEGP=X,AUD/EGP,CCY
ALLUSD=X,ALL/USD,CCY
AUDHKD=X,AUD/HKD,CCY
AUDKYD=X,AUD/KYD,CCY
AEDTRY=X,AED/TRY,CCY
AUDAV.SW,,
AEDTHB=X,AED/THB,CCY
AEDRUB=X,AED/RUB,CCY
AUDBHD=X,AUD/BHD,CCY
AEDPLN=X,AED/PLN,CCY
EURKES=X,EUR/KES,CCY
AEDGBP=X,AED/GBP,CCY
HU22.EX,,
AUDDOP=X,AUD/DOP,CCY
HU52.EX,,
HF32.EX,,
AUDSGD=X,AUD/SGD,CCY
EURBZD=X,EUR/BZD,CCY
EUR-HRK.F,EUR/HRK,FRA
EUR-LBP.F,EUR-LBP.F,
AUDUYU=X,AUD/UYU,CCY
AUDMUR=X,AUD/MUR,CCY
AUHOE.SW,,
EUR-KES.F,EUR-KES.F,
AEDILS=X,AED/ILS,CCY
EURKZT=X,EUR/KZT,CCY
AUDERN=X,AUD/ERN,CCY
IACWE.NX,,
EURTRY=X,EUR/TRY,CCY
AUDLTL=X,AUD/LTL,CCY
ARSUYU=X,ARS/UYU,CCY
C3AR.EX,,
EURCOP=X,EUR/COP,CCY
AOAUSD=X,AOA/USD,CCY
AFNCHF=X,AFN/CHF,CCY
AUDCNH=X,AUD/CNH,CCY
ARSPEN=X,ARS/PEN,CCY
EUR-BMD.F,EUR-BMD.F,
11150067.DE,,
ARSCHF=X,ARS/CHF,CCY
AZN=X,USD/AZN,CCY
AUDAED=X,AUD/AED,CCY
AUDMYR=X,AUD/MYR,CCY
AUDNOK=X,AUD/NOK,CCY
29134330=X,,
EURBWP=X,EUR/BWP,CCY
AUDBZD=X,AUD/BZD,CCY
ARSBRL=X,ARS/BRL,CCY
ANGGBP=X,ANG/GBP,CCY
EUR-BOB.F,EUR-BOB.F,
EUR-UYU.F,EUR-UYU.F,FRA
AUDSAR=X,AUD/SAR,CCY
AZNGBP=X,AZN/GBP,CCY
AUDLKR=X,AUD/LKR,CCY
AEDLKR=X,AED/LKR,CCY
AEDHUF=X,AED/HUF,CCY
AUDGTQ=X,AUD/GTQ,CCY
AEDEUR=X,AED/EUR,CCY
AUDXDR=X,AUD/XDR,CCY
AEDJPY=X,AED/JPY,CCY
AEDINR=X,AED/INR,CCY
AUDHUF=X,AUD/HUF,CCY
AMD=X,USD/AMD,CCY
AUDRSD=X,AUD/RSD,CCY
AEDMUR=X,AED/MUR,CCY
AUDPYG=X,AUD/PYG,CCY
ARSAUD=X,ARS/AUD,CCY
ARSJPY=X,ARS/JPY,CCY
AOAGBP=X,AOA/GBP,CCY
AUDHRK=X,AUD/HRK,CCY
CNY=X,USD/CNY,CCY
AUDXPF=X,AUD/XPF,CCY
29134331=X,,
ARSBOB=X,ARS/BOB,CCY
EURBMD=X,EUR/BMD,CCY
AWGCHF=X,AWG/CHF,CCY
ANGSRD=X,ANG/SRD,CCY
ARSCAD=X,ARS/CAD,CCY
ARS=X,USD/ARS,CCY
AUDPHP=X,AUD/PHP,CCY
ANG=X,USD/ANG,CCY
AEDZAR=X,AED/ZAR,CCY
ARSEUR=X,ARS/EUR,CCY
IACWE.PA,SPDR ACWE INAV,PAR
AED=X,USD/AED,CCY
AUDJOD=X,AUD/JOD,CCY
EUR-BZD.F,EUR-BZD.F,
AUKOT.SW,AUKOT.SW,EBS
AEDEGP=X,UAE Dirham (b) vs Egyptian Poun,CCY
AUDTJS=X,AUD/TJS,CCY
EUR-ZMK.F,EUR-ZMK.F,
AWGEUR=X,AWG/EUR,CCY
ANGCAD=X,ANG/CAD,CCY
AUDPKR=X,AUD/PKR,CCY
AEDJOD=X,AED/JOD,CCY
ARSTHB=X,ARS/THB,CCY
EURHRK=X,EUR/HRK,CCY
EURLBP=X,EUR/LBP,CCY
ARSDKK=X,ARS/DKK,CCY
AWGGBP=X,AWG/GBP,CCY
AUDTHB=X,AUD/THB,CCY
AUDBOB=X,AUD/BOB,CCY
EUR-XAF.F,EUR-XAF.F,
AFNUSD=X,AFN/USD,CCY
AUDJMD=X,AUD/JMD,CCY
AEDSAR=X,AED/SAR,CCY
AUDKWD=X,AUD/KWD,CCY
AOA=X,USD/AOA,CCY
AUDISK=X,AUD/ISK,CCY
985840=X,,
EURMUR=X,EUR/MUR,CCY
AUDDKK=X,AUD/DKK,CCY
AUGLE.SW,AUGLE.SW,EBS
AUDKES=X,AUD/KES,CCY
AEDDKK=X,AED/DKK,CCY
ARSSGD=X,ARS/SGD,CCY
EUR-JOD.F,EUR-JOD.F,
AEDIDR=X,AED/IDR,CCY
AUDTMT=X,AUD/TMT,CCY
AUDUGX=X,AUD/UGX,CCY
AUDBRL=X,AUD/BRL,CCY
AOACHF=X,AOA/CHF,CCY
AUDARS=X,AUD/ARS,CCY
XF000EURPEN5.SG,,
AUDAWG=X,AUD/AWG,CCY
AUDCNY=X,AUD/CNY,CCY
AWGUSD=X,AWG/USD,CCY
EURBOB=X,EUR/BOB,CCY
HF42.EX,,
AUDZAR=X,AUD/ZAR,CCY
AEDCHF=X,AED/CHF,CCY
AUDPEN=X,AUD/PEN,CCY
AEDIQD=X,AED/IQD,CCY
AUDBAM=X,AUD/BAM,CCY
AOAEUR=X,AOA/EUR,CCY
ANGUSD=X,ANG/USD,CCY
AZNEUR=X,AZN/EUR,CCY
AUDBBD=X,AUD/BBD,CCY
AUDSVC=X,AUD/SVC,CCY
AUDCOP=X,AUD/COP,CCY
ALL=X,USD/ALL,CCY
AFNEUR=X,AFN/EUR,CCY
ALLCHF=X,ALL/CHF,CCY
AUDBSD=X,AUD/BSD,CCY
AUDTRY=X,AUD/TRY,CCY
AUDSEK=X,AUD/SEK,CCY
BTCUSD=X,Bitcoin USD,CCY
BWPMAD=X,BWP/MAD,CCY
BWPKYD=X,BWP/KYD,CCY
BWPISK=X,BWP/ISK,CCY
BWPINR=X,BWP/INR,CCY
BWPIDR=X,BWP/IDR,CCY
BWPFJD=X,BWP/FJD,CCY
BWPEUR=X,BWP/EUR,CCY
BWPBDT=X,BWP/BDT,CCY
BRLINR=X,BRL/INR,CCY
BOBVEF=X,BOB/VEF,CCY
BOBUSD=X,BOB/USD,CCY
BOBPEN=X,BOB/PEN,CCY
BOBCOP=X,BOB/COP,CCY
BOBCHF=X,BOB/CHF,CCY
BMDUSD=X,BMD/USD,CCY
BMD=X,USD/BMD,CCY
BHDOMR=X,BHD/OMR,CCY
BHDJPY=X,BHD/JPY,CCY
BHDEUR=X,BHD/EUR,CCY
BHDCHF=X,BHD/CHF,CCY
BHDAED=X,BHD/AED,CCY
BBDDKK=X,BBD/DKK,CCY
BWPNGN=X,BWP/NGN,CCY
BWPTOP=X,BWP/TOP,CCY
BWPGBP=X,BWP/GBP,CCY
BTN=X,USD/BTN,CCY
29134332=X,,
BWPHUF=X,BWP/HUF,CCY
BND=X,USD/BND,CCY
BNDGBP=X,BND/GBP,CCY
BRLCAD=X,BRL/CAD,CCY
BRLRUB=X,BRL/RUB,CCY
BM.PA,,
BWPMUR=X,BWP/MUR,CCY
BAMGBP=X,BAM/GBP,CCY
BTNUSD=X,BTN/USD,CCY
BRLPEN=X,BRL/PEN,CCY
BWPTRY=X,BWP/TRY,CCY
BWPSEK=X,BWP/SEK,CCY
BMDDKK=X,BMD/DKK,CCY
GDEBQ.MDD,,
BWPAUD=X,BWP/AUD,CCY
BWPXDR=X,BWP/XDR,CCY
BHDXDR=X,BHD/XDR,CCY
BWPRUB=X,BWP/RUB,CCY
IDEBY.MDD,,
BRLCHF=X,BRL/CHF,CCY
BOB=X,USD/BOB,CCY
EOB.PA,,
BMDGBP=X,BMD/GBP,CCY
BRLDKK=X,BRL/DKK,CCY
BWPCHF=X,BWP/CHF,CCY
BRLMYR=X,BRL/MYR,CCY
BDTHKD=X,BDT/HKD,CCY
BDTCAD=X,BDT/CAD,CCY
BWPKES=X,BWP/KES,CCY
BWPCNY=X,BWP/CNY,CCY
BWPMYR=X,BWP/MYR,CCY
BRLHKD=X,BRL/HKD,CCY
BHDNZD=X,BHD/NZD,CCY
BRLTHB=X,BRL/THB,CCY
BWPPGK=X,BWP/PGK,CCY
BWPRSD=X,BWP/RSD,CCY
BAMEUR=X,BAM/EUR,CCY
BBDUSD=X,BBD/USD,CCY
BHDSAR=X,BHD/SAR,CCY
BWPZMW=X,BWP/ZMW,CCY
BWPBMD=X,BWP/BMD,CCY
BZDGBP=X,BZD/GBP,CCY
BWPOMR=X,BWP/OMR,CCY
BRLCNY=X,BRL/CNY,CCY
GDEBM.MDD,GDEBM.MDD,MDD
BWPRON=X,BWP/RON,CCY
BGNGBP=X,BGN/GBP,CCY
BOBUYU=X,BOB/UYU,CCY
BRLTRY=X,BRL/TRY,CCY
BHD=X,USD/BHD,CCY
BNDIDR=X,BND/IDR,CCY
BWPNOK=X,BWP/NOK,CCY
BTNGBP=X,BTN/GBP,CCY
BRLEUR=X,BRL/EUR,CCY
BWPTZS=X,BWP/TZS,CCY
BOBBRL=X,BOB/BRL,CCY
BZDCHF=X,BZD/CHF,CCY
BWPCLF=X,BWP/CLF,CCY
BWPBGN=X,BWP/BGN,CCY
BSDCAD=X,BSD/CAD,CCY
BNDUSD=X,BND/USD,CCY
BWPMWK=X,BWP/MWK,CCY
BWPZAR=X,BWP/ZAR,CCY
BWPHKD=X,BWP/HKD,CCY
BZD=X,USD/BZD,CCY
BWP=X,USD/BWP,CCY
BRLUYU=X,BRL/UYU,CCY
BGNCHF=X,BGN/CHF,CCY
ENDK.IR,,
BWPBHD=X,BWP/BHD,CCY
CHBEZ.SW,CHBEZ.SW,EBS
BBDEUR=X,BBD/EUR,CCY
BWPNAD=X,BWP/NAD,CCY
BIF=X,USD/BIF,CCY
BRLZAR=X,BRL/ZAR,CCY
BAMCHF=X,BAM/CHF,CCY
BDTSGD=X,BDT/SGD,CCY
BOBMXN=X,BOB/MXN,CCY
BWPKZT=X,BWP/KZT,CCY
BDT=X,USD/BDT,CCY
GDEBY.MDD,,
BWPXOF=X,BWP/XOF,CCY
BRLSGD=X,BRL/SGD,CCY
BSDGBP=X,BSD/GBP,CCY
BWPJOD=X,BWP/JOD,CCY
BBDCHF=X,BBD/CHF,CCY
BRLARS=X,BRL/ARS,CCY
BWPJPY=X,BWP/JPY,CCY
BNDCHF=X,BND/CHF,CCY
BRLILS=X,BRL/ILS,CCY
BWPPEN=X,BWP/PEN,CCY
BZDEUR=X,BZD/EUR,CCY
BWPPKR=X,BWP/PKR,CCY
BWPSGD=X,BWP/SGD,CCY
BMS.PA,BMS.PA,PAR
BWPAED=X,BWP/AED,CCY
BRLCOP=X,BRL/COP,CCY
BRLIDR=X,BRL/IDR,CCY
BWPCOP=X,BWP/COP,CCY
BWPKWD=X,BWP/KWD,CCY
BNDXDR=X,BND/XDR,CCY
BHDPKR=X,BHD/PKR,CCY
BNDDKK=X,BND/DKK,CCY
BWPCNH=X,BWP/CNH,CCY
BGNPLN=X,BGN/PLN,CCY
BHDUSD=X,BHD/USD,CCY
BHDQAR=X,BHD/QAR,CCY
BBDGBP=X,BBD/GBP,CCY
BWPCZK=X,BWP/CZK,CCY
BWPTHB=X,BWP/THB,CCY
BYR=X,USD/BYR,CCY
BWPLKR=X,BWP/LKR,CCY
BDTUSD=X,BDT/USD,CCY
BHDHKD=X,BHD/HKD,CCY
BWPSBD=X,BWP/SBD,CCY
BRLMXN=X,BRL/MXN,CCY
BWPKRW=X,BWP/KRW,CCY
BWPUGX=X,BWP/UGX,CCY
BWPUSD=X,BWP/USD,CCY
BAMUSD=X,BAM/USD,CCY
BTNEUR=X,BTN/EUR,CCY
BRLPYG=X,BRL/PYG,CCY
BWPTWD=X,BWP/TWD,CCY
BDTJPY=X,BDT/JPY,CCY
BOBEUR=X,BOB/EUR,CCY
BHDGBP=X,BHD/GBP,CCY
BGNEUR=X,BGN/EUR,CCY
BRLUSD=X,BRL/USD,CCY
BWPGHS=X,BWP/GHS,CCY
BRLSEK=X,BRL/SEK,CCY
BHDSGD=X,BHD/SGD,CCY
BAM=X,USD/BAM,CCY
BZDUSD=X,BZD/USD,CCY
BWPRWF=X,BWP/RWF,CCY
BGN=X,USD/BGN,CCY
IDEBQ.MDD,,
BBD=X,USD/BBD,CCY
IDEBM.MDD,,
BWPTND=X,BWP/TND,CCY
BWPILS=X,BWP/ILS,CCY
BRLKRW=X,BRL/KRW,CCY
BWPANG=X,BWP/ANG,CCY
BOBPYG=X,BOB/PYG,CCY
BRLVEF=X,BRL/VEF,CCY
BWPHRK=X,BWP/HRK,CCY
BWPCLP=X,BWP/CLP,CCY
BWPAFN=X,BWP/AFN,CCY
BSDUSD=X,BSD/USD,CCY
BOBARS=X,BOB/ARS,CCY
BDTGBP=X,BDT/GBP,CCY
BSDCHF=X,BSD/CHF,CCY
BWPMXN=X,BWP/MXN,CCY
BWPDKK=X,BWP/DKK,CCY
BWPCAD=X,BWP/CAD,CCY
BOBGBP=X,BOB/GBP,CCY
BDTSEK=X,BDT/SEK,CCY
BWPSAR=X,BWP/SAR,CCY
BHDDKK=X,BHD/DKK,CCY
BSDEUR=X,BSD/EUR,CCY
BGNTRY=X,BGN/TRY,CCY
BRLJPY=X,BRL/JPY,CCY
BWPPHP=X,BWP/PHP,CCY
BRLGBP=X,BRL/GBP,CCY
BGNCZK=X,BGN/CZK,CCY
BRL=X,USD/BRL,CCY
BDTCHF=X,BDT/CHF,CCY
BHDKWD=X,BHD/KWD,CCY
BWPMOP=X,BWP/MOP,CCY
BDTEUR=X,BDT/EUR,CCY
BSD=X,USD/BSD,CCY
BGNTHB=X,BGN/THB,CCY
BWPBRL=X,BWP/BRL,CCY
BGNUSD=X,BGN/USD,CCY
BWPZWL=X,BWP/ZWL,CCY
BSDDKK=X,BSD/DKK,CCY
BNDEUR=X,BND/EUR,CCY
BWPEGP=X,BWP/EGP,CCY
BWPNZD=X,BWP/NZD,CCY
BRLXDR=X,BRL/XDR,CCY
BWPWST=X,BWP/WST,CCY
BOBCLP=X,BOB/CLP,CCY
BMDEUR=X,BMD/EUR,CCY
BRLNZD=X,BRL/NZD,CCY
BRLAUD=X,BRL/AUD,CCY
BWPARS=X,BWP/ARS,CCY
BRLBOB=X,BRL/BOB,CCY
BGNDKK=X,BGN/DKK,CCY
BGNLVL=X,BGN/LVL,CCY
BRLNOK=X,BRL/NOK,CCY
BMDCHF=X,BMD/CHF,CCY
BRLCLP=X,BRL/CLP,CCY
BWPVND=X,BWP/VND,CCY
BWPQAR=X,BWP/QAR,CCY
CADUSD=X,CAD/USD,CCY
CHFUSD=X,CHF/USD,CCY
CNYUSD=X,CNY/USD,CCY
CHFEUR=X,CHF/EUR,CCY
NZDGBP=X,NZD/GBP,CCY
CVECHF=X,CVE/CHF,CCY
CHFJPY=X,CHF/JPY,CCY
CADJPY=X,CAD/JPY,CCY
ZARSGD=X,ZAR/SGD,CCY
ZARSEK=X,ZAR/SEK,CCY
ZARMYR=X,ZAR/MYR,CCY
ZARJPY=X,ZAR/JPY,CCY
ZARCAD=X,ZAR/CAD,CCY
ZARAUD=X,ZAR/AUD,CCY
NZDCAD=X,NZD/CAD,CCY
NOKZAR=X,NOK/ZAR,CCY
NOKJPY=X,NOK/JPY,CCY
NOKGBP=X,NOK/GBP,CCY
JPYTRY=X,JPY/TRY,CCY
EURDOP=X,EUR/DOP,CCY
CZKZAR=X,CZK/ZAR,CCY
CZKRSD=X,CZK/RSD,CCY
CZKPHP=X,CZK/PHP,CCY
CZKLKR=X,CZK/LKR,CCY
CZKHKD=X,CZK/HKD,CCY
CZKBRL=X,CZK/BRL,CCY
CZKBGN=X,CZK/BGN,CCY
CZKBDT=X,CZK/BDT,CCY
CVE=X,USD/CVE,CCY
CUPGBP=X,CUP/GBP,CCY
CUP=X,USD/CUP,CCY
COPTHB=X,COP/THB,CCY
CNYTRY=X,CNY/TRY,CCY
CNYPHP=X,CNY/PHP,CCY
CNYLTL=X,CNY/LTL,CCY
CNYJPY=X,CNY/JPY,CCY
CNYILS=X,CNY/ILS,CCY
CNYGHS=X,CNY/GHS,CCY
CNYBWP=X,CNY/BWP,CCY
CNYAED=X,CNY/AED,CCY
CNHUSD=X,CNH/USD,CCY
CLF=X,USD/CLF,CCY
CHFZAR=X,CHF/ZAR,CCY
CHFVND=X,CHF/VND,CCY
CHFUAH=X,CHF/UAH,CCY
CHFTRY=X,CHF/TRY,CCY
CHFSOS=X,CHF/SOS,CCY
CHFMUR=X,CHF/MUR,CCY
CHFMKD=X,CHF/MKD,CCY
CHFMDL=X,CHF/MDL,CCY
CHFKPW=X,CHF/KPW,CCY
CHFIRR=X,CHF/IRR,CCY
CHFHRK=X,CHF/HRK,CCY
CHFBYR=X,CHF/BYR,CCY
CHFBND=X,CHF/BND,CCY
CHFBAM=X,CHF/BAM,CCY
CHFAWG=X,CHF/AWG,CCY
CADZAR=X,CAD/ZAR,CCY
CADWST=X,CAD/WST,CCY
CADTZS=X,CAD/TZS,CCY
CADTWD=X,CAD/TWD,CCY
CADTND=X,CAD/TND,CCY
CADSGD=X,CAD/SGD,CCY
CADSBD=X,CAD/SBD,CCY
CADSAR=X,CAD/SAR,CCY
CADRUB=X,CAD/RUB,CCY
CADRSD=X,CAD/RSD,CCY
CADPLN=X,CAD/PLN,CCY
CADNZD=X,CAD/NZD,CCY
CADMVR=X,CAD/MVR,CCY
CADMDL=X,CAD/MDL,CCY
CADLRD=X,CAD/LRD,CCY
CADKZT=X,CAD/KZT,CCY
CADKES=X,CAD/KES,CCY
CADGYD=X,CAD/GYD,CCY
CADGIP=X,CAD/GIP,CCY
CADGBP=X,CAD/GBP,CCY
CADEUR=X,CAD/EUR,CCY
CADCHF=X,CAD/CHF,CCY
CADAMD=X,CAD/AMD,CCY
CADAFN=X,CAD/AFN,CCY
CLFJPY=X,CLF/JPY,CCY
CNYAUD=X,CNY/AUD,CCY
CHFNAD=X,CHF/NAD,CCY
CADKYD=X,CAD/KYD,CCY
CLFEUR=X,CLF/EUR,CCY
EURDZD=X,EUR/DZD,CCY
CHFZMK=X,,
NZDSEK=X,NZD/SEK,CCY
CADMGA=X,CAD/MGA,CCY
CHFRSD=X,CHF/RSD,CCY
11667427.SW,11667427.SW,EBS
CHFBIF=X,CHF/BIF,CCY
CNH=X,USD/CNH,CCY
CZKVUV=X,CZK/VUV,CCY
CHFCLP=X,CHF/CLP,CCY
CHFAZN=X,CHF/AZN,CCY
CNYKES=X,CNY/KES,CCY
CZKMYR=X,CZK/MYR,CCY
CHFILS=X,CHF/ILS,CCY
CNYSEK=X,CNY/SEK,CCY
CZKINR=X,CZK/INR,CCY
CHFKYD=X,CHF/KYD,CCY
CHFUYU=X,CHF/UYU,CCY
CHFARS=X,CHF/ARS,CCY
CNYUGX=X,CNY/UGX,CCY
EUR-ILS.F,EUR-ILS.F,
CADMOP=X,CAD/MOP,CCY
CZKARS=X,CZK/ARS,CCY
CHFUGX=X,CHF/UGX,CCY
CADTRY=X,CAD/TRY,CCY
CHFAMD=X,CHF/AMD,CCY
CADTTD=X,CAD/TTD,CCY
CADYER=X,CAD/YER,CCY
CADBMD=X,CAD/BMD,CCY
CADVEF=X,CAD/VEF,CCY
CHFVEF=X,CHF/VEF,CCY
CHFCUP=X,CHF/CUP,CCY
CHFTJS=X,CHF/TJS,CCY
CHFPGK=X,CHF/PGK,CCY
CADPYG=X,CAD/PYG,CCY
CZKKES=X,CZK/KES,CCY
CZKISK=X,CZK/ISK,CCY
EUR-MNT.F,EUR-MNT.F,FRA
CHFPAB=X,CHF/PAB,CCY
CNHINR=X,CNH/INR,CCY
CZKVEF=X,CZK/VEF,CCY
CADSHP=X,CAD/SHP,CCY
CZKJOD=X,CZK/JOD,CCY
CHFEGP=X,CHF/EGP,CCY
CADBTN=X,CAD/BTN,CCY
CADPAB=X,CAD/PAB,CCY
CZKBAM=X,CZK/BAM,CCY
CHFKHR=X,CHF/KHR,CCY
CNYMXN=X,CNY/MXN,CCY
CADBIF=X,CAD/BIF,CCY
CHFGBP=X,CHF/GBP,CCY
CZKBND=X,CZK/BND,CCY
CZKJPY=X,CZK/JPY,CCY
CADUAH=X,CAD/UAH,CCY
CHFRUB=X,CHF/RUB,CCY
CADBDT=X,CAD/BDT,CCY
CHFDZD=X,CHF/DZD,CCY
CHFNPR=X,CHF/NPR,CCY
CNYGBP=X,CNY/GBP,CCY
19666227.SW,,
CHFDEM=X,CHF/DEM,CCY
19663223.SW,,
CNYMUR=X,CNY/MUR,CCY
CNYJOD=X,CNY/JOD,CCY
CLPJPY=X,CLP/JPY,CCY
CNYDKK=X,CNY/DKK,CCY
CADAWG=X,CAD/AWG,CCY
CHFBZD=X,CHF/BZD,CCY
CHFBRL=X,CHF/BRL,CCY
CNHGBP=X,CNH/GBP,CCY
CHFXAF=X,CHF/XAF,CCY
2219069=X,,
CUPUSD=X,CUP/USD,CCY
CADSZL=X,CAD/SZL,CCY
CADPGK=X,CAD/PGK,CCY
CHFSYP=X,CHF/SYP,CCY
NOKNZD=X,NOK/NZD,CCY
CADFKP=X,CAD/FKP,CCY
CHFNOK=X,CHF/NOK,CCY
CADKMF=X,CAD/KMF,CCY
CADCNY=X,CAD/CNY,CCY
CHFLYD=X,CHF/LYD,CCY
RSO.PA,RSO.PA,PAR
CHFLRD=X,CHF/LRD,CCY
ZARNZD=X,ZAR/NZD,CCY
CADMMK=X,CAD/MMK,CCY
CZKNZD=X,CZK/NZD,CCY
CHFMOP=X,CHF/MOP,CCY
CHFKGS=X,CHF/KGS,CCY
CHFMGA=X,CHF/MGA,CCY
CNYXDR=X,CNY/XDR,CCY
CNYLVL=X,CNY/LVL,CCY
CHFHKD=X,CHF/HKD,CCY
CADXCD=X,CAD/XCD,CCY
CHFOMR=X,CHF/OMR,CCY
CADMRO=X,CAD/MRO,CCY
CADNOK=X,CAD/NOK,CCY
CHFHUF=X,CHF/HUF,CCY
CADAOA=X,CAD/AOA,CCY
CADSLL=X,CAD/SLL,CCY
EURILS=X,EUR/ILS,CCY
CNYKRW=X,CNY/KRW,CCY
CADFJD=X,CAD/FJD,CCY
CLPBRL=X,CLP/BRL,CCY
CZKTHB=X,CZK/THB,CCY
CADBSD=X,CAD/BSD,CCY
EUR-GEL.F,EUR-GEL.F,
CHFFJD=X,CHF/FJD,CCY
CADANG=X,CAD/ANG,CCY
CHFCAD=X,CHF/CAD,CCY
CHFMVR=X,CHF/MVR,CCY
CZKBHD=X,CZK/BHD,CCY
CADZMW=X,CAD/ZMW,CCY
CNHSGD=X,CNH/SGD,CCY
CADBND=X,CAD/BND,CCY
CHFBWP=X,CHF/BWP,CCY
CZKTND=X,CZK/TND,CCY
CADPHP=X,CAD/PHP,CCY
CADSEK=X,CAD/SEK,CCY
CNYCAD=X,CNY/CAD,CCY
CHFSHP=X,CHF/SHP,CCY
CUPEUR=X,CUP/EUR,CCY
CNYZAR=X,CNY/ZAR,CCY
CHFGHS=X,CHF/GHS,CCY
CZK=X,USD/CZK,CCY
CHFJOD=X,CHF/JOD,CCY
CHFNZD=X,CHF/NZD,CCY
CZKHUF=X,CZK/HUF,CCY
CDF=X,USD/CDF,CCY
CHFWST=X,CHF/WST,CCY
CADSRD=X,CAD/SRD,CCY
CADCLP=X,CAD/CLP,CCY
HKDSEK=X,HKD/SEK,CCY
CHFMZN=X,CHF/MZN,CCY
CHFPYG=X,CHF/PYG,CCY
CADLVL=X,CAD/LVL,CCY
CADLTL=X,CAD/LTL,CCY
CADMUR=X,CAD/MUR,CCY
CNYEUR=X,CNY/EUR,CCY
13750330.SW,13750330.SW,EBS
SGDSEK=X,SGD/SEK,CCY
CZKGBP=X,CZK/GBP,CCY
CHFSRD=X,CHF/SRD,CCY
CADLKR=X,CAD/LKR,CCY
CHFGNF=X,CHF/GNF,CCY
CHFERN=X,CHF/ERN,CCY
NOKCAD=X,NOK/CAD,CCY
CHF=X,USD/CHF,CCY
CHFKRW=X,CHF/KRW,CCY
CZKUSD=X,CZK/USD,CCY
CHFXOF=X,CHF/XOF,CCY
CNHKRW=X,CNH/KRW,CCY
CADLBP=X,CAD/LBP,CCY
CHFLKR=X,CHF/LKR,CCY
19666222.SW,,
ZARNOK=X,ZAR/NOK,CCY
CADAZN=X,CAD/AZN,CCY
CHFALL=X,CHF/ALL,CCY
3017024.EX,,
CZKSGD=X,CZK/SGD,CCY
CZKKWD=X,CZK/KWD,CCY
29134333=X,,
ZARHKD=X,ZAR/HKD,CCY
CLPCOP=X,CLP/COP,CCY
CADBRL=X,CAD/BRL,CCY
3017005.EX,,
CADVND=X,CAD/VND,CCY
CNYSAR=X,CNY/SAR,CCY
CNYNZD=X,CNY/NZD,CCY
11667437.SW,,
CADNIO=X,CAD/NIO,CCY
CHFKES=X,CHF/KES,CCY
CHFBMD=X,CHF/BMD,CCY
CZKIDR=X,CZK/IDR,CCY
CLPDKK=X,CLP/DKK,CCY
CADIDR=X,CAD/IDR,CCY
CNYMAD=X,CNY/MAD,CCY
CNYIDR=X,CNY/IDR,CCY
CZKTRY=X,CZK/TRY,CCY
CHFPHP=X,CHF/PHP,CCY
CHFJMD=X,CHF/JMD,CCY
CADKWD=X,CAD/KWD,CCY
CADUGX=X,CAD/UGX,CCY
CADUZS=X,CAD/UZS,CCY
CADNPR=X,CAD/NPR,CCY
CHFRON=X,CHF/RON,CCY
CNYTWD=X,CNY/TWD,CCY
CHFTHB=X,CHF/THB,CCY
CADMZN=X,CAD/MZN,CCY
CZKKRW=X,CZK/KRW,CCY
CHFMMK=X,CHF/MMK,CCY
CNHTWD=X,CNH/TWD,CCY
COPMXN=X,COP/MXN,CCY
ILSEUR=X,ILS/EUR,CCY
CADMYR=X,CAD/MYR,CCY
CADISK=X,CAD/ISK,CCY
CZKEUR=X,CZK/EUR,CCY
CZKAUD=X,CZK/AUD,CCY
CADTJS=X,CAD/TJS,CCY
CHFCRC=X,CHF/CRC,CCY
CHFISK=X,CHF/ISK,CCY
CNYBRL=X,CNY/BRL,CCY
CHFTWD=X,CHF/TWD,CCY
CZKUYU=X,CZK/UYU,CCY
CADMKD=X,CAD/MKD,CCY
CZKLTL=X,CZK/LTL,CCY
CHFTTD=X,CHF/TTD,CCY
CADCRC=X,CAD/CRC,CCY
CHFBDT=X,CHF/BDT,CCY
CNYNOK=X,CNY/NOK,CCY
CADKRW=X,CAD/KRW,CCY
ZARGBP=X,ZAR/GBP,CCY
CHFSLL=X,CHF/SLL,CCY
9B4B.MU,9B4B.MU,MUN
CHFRWF=X,CHF/RWF,CCY
CADBGN=X,CAD/BGN,CCY
HRK=X,USD/HRK,CCY
CHFCNY=X,CHF/CNY,CCY
CHGLE.SW,,
CHFZWL=X,CHF/ZWL,CCY
RSM.PA,,
MYRGBP=X,MYR/GBP,CCY
COPJPY=X,COP/JPY,CCY
CADSOS=X,CAD/SOS,CCY
CNYLKR=X,CNY/LKR,CCY
CADJOD=X,CAD/JOD,CCY
EUR-ETB.F,EUR-ETB.F,
CRC=X,USD/CRC,CCY
CZKAED=X,CZK/AED,CCY
CADILS=X,CAD/ILS,CCY
CADNGN=X,CAD/NGN,CCY
CZKPGK=X,CZK/PGK,CCY
CNYTHB=X,CNY/THB,CCY
CZKCOP=X,CZK/COP,CCY
EURGEL=X,EUR/GEL,CCY
CNYTND=X,CNY/TND,CCY
CHFGEL=X,CHF/GEL,CCY
CHFSBD=X,CHF/SBD,CCY
CHFNGN=X,CHF/NGN,CCY
CHFLBP=X,CHF/LBP,CCY
CADXOF=X,CAD/XOF,CCY
CADJMD=X,CAD/JMD,CCY
XCP=X,COPPER HIGHGRADE,CCY
COPCLP=X,COP/CLP,CCY
CADZWL=X,CAD/ZWL,CCY
COP=X,USD/COP,CCY
CHFGTQ=X,CHF/GTQ,CCY
CHFBHD=X,CHF/BHD,CCY
29134337=X,,
NZDNOK=X,NZD/NOK,CCY
29134335=X,,
CZKLBP=X,CZK/LBP,CCY
SEKNZD=X,SEK/NZD,CCY
CADETB=X,CAD/ETB,CCY
CADOMR=X,CAD/OMR,CCY
CNYMYR=X,CNY/MYR,CCY
CHFZMW=X,CHF/ZMW,CCY
CADLSL=X,CAD/LSL,CCY
CZKCAD=X,CZK/CAD,CCY
CADCZK=X,CAD/CZK,CCY
CZKNOK=X,CZK/NOK,CCY
CNHPHP=X,CNH/PHP,CCY
CNHHKD=X,CNH/HKD,CCY
CNYEGP=X,CNY/EGP,CCY
NZDZAR=X,NZD/ZAR,CCY
EUR-GIP.F,EUR-GIP.F,
CZKOMR=X,CZK/OMR,CCY
CADSVC=X,CAD/SVC,CCY
CZKTWD=X,CZK/TWD,CCY
CADHUF=X,CAD/HUF,CCY
CADQAR=X,CAD/QAR,CCY
CADTHB=X,CAD/THB,CCY
CHFFKP=X,CHF/FKP,CCY
CLPPYG=X,CLP/PYG,CCY
SEKNOK=X,SEK/NOK,CCY
CHFCVE=X,CHF/CVE,CCY
CZKMXN=X,CZK/MXN,CCY
CADALL=X,CAD/ALL,CCY
CHFBGN=X,CHF/BGN,CCY
CADXPF=X,CAD/XPF,CCY
CADBHD=X,CAD/BHD,CCY
CLPTHB=X,CLP/THB,CCY
CHFITL=X,CHF/ITL,CCY
CLFUSD=X,CLF/USD,CCY
CNYOMR=X,CNY/OMR,CCY
CADBOB=X,CAD/BOB,CCY
CHFCZK=X,CHF/CZK,CCY
CHFPEN=X,CHF/PEN,CCY
CHFNIO=X,CHF/NIO,CCY
CADHTG=X,CAD/HTG,CCY
CHFCNH=X,CHF/CNH,CCY
CADGTQ=X,CAD/GTQ,CCY
CZKQAR=X,CZK/QAR,CCY
CADGMD=X,CAD/GMD,CCY
CADLYD=X,CAD/LYD,CCY
CADBWP=X,CAD/BWP,CCY
14243440.SW,,
HKDNOK=X,HKD/NOK,CCY
CHFSVC=X,CHF/SVC,CCY
CNYHKD=X,CNY/HKD,CCY
FSC1.EX,,
CADTOP=X,CAD/TOP,CCY
CADKGS=X,CAD/KGS,CCY
CHFUZS=X,CHF/UZS,CCY
CADVUV=X,CAD/VUV,CCY
CNYKWD=X,CNY/KWD,CCY
CADHRK=X,CAD/HRK,CCY
CZKPEN=X,CZK/PEN,CCY
CHFBOB=X,CHF/BOB,CCY
CHFTND=X,CHF/TND,CCY
CHOE.SW,,
CADKPW=X,CAD/KPW,CCY
SGDGBP=X,SGD/GBP,CCY
CHFLTL=X,CHF/LTL,CCY
CHFAUD=X,CHF/AUD,CCY
KESISK=X,KES/ISK,CCY
EUR-DZD.F,EUR-DZD.F,FRA
CLP=X,USD/CLP,CCY
CHFKZT=X,CHF/KZT,CCY
CADSTD=X,CAD/STD,CCY
CLFCLP=X,CLF/CLP,CCY
CADDKK=X,CAD/DKK,CCY
19664789.SW,,
29134336=X,,
CADDZD=X,CAD/DZD,CCY
CHFLVL=X,CHF/LVL,CCY
MYRNOK=X,MYR/NOK,CCY
CHFMAD=X,CHF/MAD,CCY
EURAFN=X,EUR/AFN,CCY
EURMNT=X,EUR/MNT,CCY
CLPVEF=X,CLP/VEF,CCY
CZKCHF=X,CZK/CHF,CCY
CZKLVL=X,CZK/LVL,CCY
CADXAF=X,CAD/XAF,CCY
CHFIQD=X,CHF/IQD,CCY
CADGHS=X,CAD/GHS,CCY
CADEGP=X,CAD/EGP,CCY
CYP=X,CYP=X,CCY
CADIQD=X,CAD/IQD,CCY
CVEUSD=X,CVE/USD,CCY
CVEDKK=X,CVE/DKK,CCY
CHFSEK=X,CHF/SEK,CCY
CHFHNL=X,CHF/HNL,CCY
19664658.SW,19664658.SW,EBS
CHFAOA=X,CHF/AOA,CCY
CNYSGD=X,CNY/SGD,CCY
CNYINR=X,CNY/INR,CCY
SGDNOK=X,SGD/NOK,CCY
CADTMT=X,CAD/TMT,CCY
CHFMNT=X,CHF/MNT,CCY
HKDGBP=X,HKD/GBP,CCY
CZKRON=X,CZK/RON,CCY
CHFYER=X,CHF/YER,CCY
CHFLAK=X,CHF/LAK,CCY
CHFGYD=X,CHF/GYD,CCY
CHTIE.SW,CHTIE.SW,EBS
CHFMWK=X,CHF/MWK,CCY
CADMNT=X,CAD/MNT,CCY
CADHKD=X,CAD/HKD,CCY
EURSLL=X,EUR/SLL,CCY
CADCVE=X,CAD/CVE,CCY
CZKDKK=X,CZK/DKK,CCY
CADSCR=X,CAD/SCR,CCY
CHFSCR=X,CHF/SCR,CCY
CHFKMF=X,CHF/KMF,CCY
CHFSAR=X,CHF/SAR,CCY
CHFHTG=X,CHF/HTG,CCY
CHFGMD=X,CHF/GMD,CCY
CZKPKR=X,CZK/PKR,CCY
CADNAD=X,CAD/NAD,CCY
CNYRUB=X,CNY/RUB,CCY
19666223.SW,,
CADCDF=X,CAD/CDF,CCY
CHFXDR=X,CHF/XDR,CCY
CLPUYU=X,CLP/UYU,CCY
CHFMYR=X,CHF/MYR,CCY
CLPBOB=X,CLP/BOB,CCY
29134334=X,,
CADLAK=X,CAD/LAK,CCY
CADHNL=X,CAD/HNL,CCY
CADBZD=X,CAD/BZD,CCY
CADINR=X,CAD/INR,CCY
EURGIP=X,EUR/GIP,CCY
CHFANG=X,CHF/ANG,CCY
CADKHR=X,CAD/KHR,CCY
SEKZAR=X,SEK/ZAR,CCY
CHFKWD=X,CHF/KWD,CCY
CADMXN=X,CAD/MXN,CCY
CHFSTD=X,CHF/STD,CCY
CHFSGD=X,CHF/SGD,CCY
CADSYP=X,CAD/SYP,CCY
CADXDR=X,CAD/XDR,CCY
CADGNF=X,CAD/GNF,CCY
20161078.SW,20161078.SW,EBS
CZKSAR=X,CZK/SAR,CCY
MYRSEK=X,MYR/SEK,CCY
CHFETB=X,CHF/ETB,CCY
EUR-SLL.F,EUR-SLL.F,
CLPPEN=X,CLP/PEN,CCY
CADDJF=X,CAD/DJF,CCY
CHFCDF=X,CHF/CDF,CCY
22372096.SW,,
CADBAM=X,CAD/BAM,CCY
CNYISK=X,CNY/ISK,CCY
CHFQAR=X,CHF/QAR,CCY
CADAED=X,CAD/AED,CCY
EURETB=X,EUR/ETB,CCY
CLFGBP=X,CLF/GBP,CCY
CHFAED=X,CHF/AED,CCY
CHKOT.SW,,
CHFXCD=X,CHF/XCD,CCY
CADCOP=X,CAD/COP,CCY
CNHIDR=X,CNH/IDR,CCY
CHFTOP=X,CHF/TOP,CCY
CZKMUR=X,CZK/MUR,CCY
CHFTMT=X,CHF/TMT,CCY
CZKXDR=X,CZK/XDR,CCY
CNYCHF=X,CNY/CHF,CCY
NOKAUD=X,NOK/AUD,CCY
CHFLSL=X,CHF/LSL,CCY
CADPEN=X,CAD/PEN,CCY
22372094.SW,22372094.SW,EBS
CZKNGN=X,CZK/NGN,CCY
CHFBTN=X,CHF/BTN,CCY
CHDAV.SW,,
CHFBBD=X,CHF/BBD,CCY
CNYPLN=X,CNY/PLN,CCY
CHFMXN=X,CHF/MXN,CCY
CADSDG=X,CAD/SDG,CCY
CHFXPF=X,CHF/XPF,CCY
KESINR=X,KES/INR,CCY
CZKMAD=X,CZK/MAD,CCY
CADRON=X,CAD/RON,CCY
CHFTZS=X,CHF/TZS,CCY
CADBBD=X,CAD/BBD,CCY
CNHTHB=X,CNH/THB,CCY
CHFDKK=X,CHF/DKK,CCY
CNYQAR=X,CNY/QAR,CCY
CADBYR=X,CAD/BYR,CCY
CZKEGP=X,CZK/EGP,CCY
CZKCNY=X,CZK/CNY,CCY
CHFINR=X,CHF/INR,CCY
SEKAUD=X,SEK/AUD,CCY
CHFGIP=X,CHF/GIP,CCY
CADGEL=X,CAD/GEL,CCY
CZKBOB=X,CZK/BOB,CCY
CHFDOP=X,CHF/DOP,CCY
CHFMRO=X,CHF/MRO,CCY
CZKPLN=X,CZK/PLN,CCY
CZKCLP=X,CZK/CLP,CCY
CHFSDG=X,CHF/SDG,CCY
CADRWF=X,CAD/RWF,CCY
CHFPLN=X,CHF/PLN,CCY
CLPKRW=X,CLP/KRW,CCY
CHFIDR=X,CHF/IDR,CCY
CNYCZK=X,CNY/CZK,CCY
CHFAFN=X,CHF/AFN,CCY
19662920.SW,19662920.SW,EBS
CADDOP=X,CAD/DOP,CCY
CHFPKR=X,CHF/PKR,CCY
CHFSZL=X,CHF/SZL,CCY
CADCUP=X,CAD/CUP,CCY
CHFVUV=X,CHF/VUV,CCY
CADERN=X,CAD/ERN,CCY
CADZMK=X,,
CLPARS=X,CLP/ARS,CCY
COPUYU=X,COP/UYU,CCY
CZKUAH=X,CZK/UAH,CCY
CADIRR=X,CAD/IRR,CCY
CZKILS=X,CZK/ILS,CCY
CADMWK=X,CAD/MWK,CCY
CHFBSD=X,CHF/BSD,CCY
ZARANG=X,ZAR/ANG,CCY
CHFDJF=X,CHF/DJF,CCY
2218017=X,,
CADAUD=X,CAD/AUD,CCY
EUR-AFN.F,EUR-AFN.F,FRA
CADUYU=X,CAD/UYU,CCY
CADMAD=X,CAD/MAD,CCY
CNYHUF=X,CNY/HUF,CCY
CLPMXN=X,CLP/MXN,CCY
CZKRUB=X,CZK/RUB,CCY
EUR-DOP.F,EUR-DOP.F,FRA
CZKSEK=X,CZK/SEK,CCY
CADARS=X,CAD/ARS,CCY
CHFCOP=X,CHF/COP,CCY
CZKBMD=X,CZK/BMD,CCY
CNHJPY=X,CNH/JPY,CCY
CADCNH=X,CAD/CNH,CCY
CADPKR=X,CAD/PKR,CCY
COPPYG=X,COP/PYG,CCY
DOPGBP=X,DOP/GBP,CCY
DOPEUR=X,DOP/EUR,CCY
DKKTWD=X,DKK/TWD,CCY
DKKTND=X,DKK/TND,CCY
DKKSAR=X,DKK/SAR,CCY
DKKMYR=X,DKK/MYR,CCY
DKKJPY=X,DKK/JPY,CCY
DKKHUF=X,DKK/HUF,CCY
DKKCLP=X,DKK/CLP,CCY
DKKCHF=X,DKK/CHF,CCY
DEM=X,USD/DEM,CCY
DKKQAR=X,DKK/QAR,CCY
DKKBAM=X,DKK/BAM,CCY
DKKCZK=X,DKK/CZK,CCY
DKKSGD=X,DKK/SGD,CCY
DKKINR=X,DKK/INR,CCY
DKKJOD=X,DKK/JOD,CCY
PLNSEK=X,PLN/SEK,CCY
DKKTRY=X,DKK/TRY,CCY
DZDUSD=X,DZD/USD,CCY
DKKRON=X,DKK/RON,CCY
DKKKWD=X,DKK/KWD,CCY
DKKPHP=X,DKK/PHP,CCY
DWHEAT.MDD,DWHEAT.MDD,MDD
DKKHKD=X,DKK/HKD,CCY
29134338=X,,
DKKKRW=X,DKK/KRW,CCY
DKKMXN=X,DKK/MXN,CCY
DEMCHF=X,DEM/CHF,CCY
DKKGIP=X,DKK/GIP,CCY
DJFCHF=X,DJF/CHF,CCY
DKKBRL=X,DKK/BRL,CCY
DOPUSD=X,DOP/USD,CCY
DOPDKK=X,DOP/DKK,CCY
DKKOMR=X,DKK/OMR,CCY
DKKMUR=X,DKK/MUR,CCY
DZDGBP=X,DZD/GBP,CCY
DKKPKR=X,DKK/PKR,CCY
DJFUSD=X,DJF/USD,CCY
DKKIDR=X,DKK/IDR,CCY
DKKRSD=X,DKK/RSD,CCY
DKK=X,USD/DKK,CCY
DOPCHF=X,DOP/CHF,CCY
DKKAED=X,DKK/AED,CCY
DKKUAH=X,DKK/UAH,CCY
DKKTHB=X,DKK/THB,CCY
DKKLVL=X,DKK/LVL,CCY
DKKLTL=X,DKK/LTL,CCY
DKKAUD=X,DKK/AUD,CCY
MKDDKK=X,MKD/DKK,CCY
DKKPLN=X,DKK/PLN,CCY
DJF=X,USD/DJF,CCY
DKKSEK=X,DKK/SEK,CCY
DKKCAD=X,DKK/CAD,CCY
DZDMAD=X,DZD/MAD,CCY
DKKKPW=X,DKK/KPW,CCY
DZDEUR=X,DZD/EUR,CCY
DKKBGN=X,DKK/BGN,CCY
DKKNOK=X,DKK/NOK,CCY
DKKEUR=X,DKK/EUR,CCY
DKKXDR=X,DKK/XDR,CCY
DKKLKR=X,DKK/LKR,CCY
DJFEUR=X,DJF/EUR,CCY
DKKUSD=X,DKK/USD,CCY
DKKANG=X,DKK/ANG,CCY
DKKGBP=X,DKK/GBP,CCY
DKKNZD=X,DKK/NZD,CCY
DKKRUB=X,DKK/RUB,CCY
DKKISK=X,DKK/ISK,CCY
DKKILS=X,DKK/ILS,CCY
DZD=X,USD/DZD,CCY
DOP=X,USD/DOP,CCY
DKKKES=X,DKK/KES,CCY
DKKZAR=X,DKK/ZAR,CCY
DKKCNY=X,DKK/CNY,CCY
DKKEGP=X,DKK/EGP,CCY
DKKMAD=X,DKK/MAD,CCY
EURUSD=X,EUR/USD,CCY
EURGBP=X,EUR/GBP,CCY
EURJPY=X,EUR/JPY,CCY
EURCHF=X,EUR/CHF,CCY
EURSYP=X,EUR/SYP,CCY
EURSOS=X,EUR/SOS,CCY
EURAUD=X,EUR/AUD,CCY
ECS=X,USD/ECS,CCY
EURYER=X,EUR/YER,CCY
EURVND=X,EUR/VND,CCY
EURUSDFIX=X,,
EURUGX=X,EUR/UGX,CCY
EURSBD=X,EUR/SBD,CCY
EURRSD=X,EUR/RSD,CCY
EURPLN=X,EUR/PLN,CCY
EURPAB=X,EUR/PAB,CCY
EURNZD=X,EUR/NZD,CCY
EURNPR=X,EUR/NPR,CCY
EURMYR=X,EUR/MYR,CCY
EURMWK=X,EUR/MWK,CCY
EURMVR=X,EUR/MVR,CCY
EURMRO=X,EUR/MRO,CCY
EURMDL=X,EUR/MDL,CCY
EURLKR=X,EUR/LKR,CCY
EURLAK=X,EUR/LAK,CCY
EURCZK=X,EUR/CZK,CCY
EUR=X,USD/EUR,CCY
EGPZAR=X,EGP/ZAR,CCY
EGPTRY=X,EGP/TRY,CCY
EGPMXN=X,EGP/MXN,CCY
EGPKRW=X,EGP/KRW,CCY
EGPILS=X,EGP/ILS,CCY
EGPHUF=X,EGP/HUF,CCY
EURBSD=X,EUR/BSD,CCY
EURISK=X,EUR/ISK,CCY
EURZAR=X,EUR/ZAR,CCY
EGPINR=X,EGP/INR,CCY
EURCADFIX=X,,
EUR-GBP.F,EUR-GBP.F,FRA
EUR-MWK.F,EUR-MWK.F,
EUR-SVC.F,EUR-SVC.F,FRA
EURMKD=X,EUR/MKD,CCY
EURBAM=X,EUR/BAM,CCY
EURBGN=X,EUR/BGN,CCY
EUR-HUF.F,EUR-HUF.F,
EURPKR=X,EUR/PKR,CCY
EUR-LVL.F,EUR-LVL.F,
EURKRW=X,EUR/KRW,CCY
429714=X,,
EURAOA=X,EUR/AOA,CCY
EUR-TTD.F,EUR-TTD.F,
ETBCHF=X,ETB/CHF,CCY
EURSVC=X,EUR/SVC,CCY
EGPJPY=X,EGP/JPY,CCY
XF000EURTRY6.SG,,
EURCRC=X,EUR/CRC,CCY
EUR-UZS.F,EUR-UZS.F,FRA
EUR-HTG.F,EUR-HTG.F,FRA
XF000EURCHF2.SG,XF000EURCHF2.SG,STU
EURAED=X,EUR/AED,CCY
XF000EURINR2.SG,,
EURBIF=X,EUR/BIF,CCY
XF000EURDKK4.SG,,
EUR-MMK.F,EUR-MMK.F,
EURLVL=X,EUR/LVL,CCY
EGPNZD=X,EGP/NZD,CCY
EUR-OMR.F,EUR-OMR.F,FRA
EUR-PHP.F,EUR-PHP.F,FRA
EURGTQ=X,EUR/GTQ,CCY
EGPGBP=X,EGP/GBP,CCY
EGPAED=X,EGP/AED,CCY
EUR-CNY.F,EUR-CNY.F,
EUR-EGP.F,EUR-EGP.F,FRA
EURJPYFIX=X,,
EURALL=X,EUR/ALL,CCY
EUR-MAD.F,EUR-MAD.F,
EURCAD=X,EUR/CAD,CCY
EURCYP=X,EUR/CYP,CCY
EURPYG=X,EUR/PYG,CCY
EGPAUD=X,EGP/AUD,CCY
EUR-YER.F,EUR-YER.F,FRA
EUR-HNL.F,EUR-HNL.F,
EGPNOK=X,EGP/NOK,CCY
EURTOP=X,EUR/TOP,CCY
EGPKWD=X,EGP/KWD,CCY
EUR-PGK.F,EUR-PGK.F,
EURAMD=X,EUR/AMD,CCY
EURNOKFIX=X,,
EUR-MGA.F,EUR-MGA.F,
EURXPF=X,EUR/XPF,CCY
EURZMW=X,EUR/ZMW,CCY
ETB=X,USD/ETB,CCY
EGPSGD=X,EGP/SGD,CCY
EUR-SDG.F,EUR-SDG.F,FRA
EGPUSD=X,EGP/USD,CCY
ERN=X,USD/ERN,CCY
EGPKES=X,EGP/KES,CCY
EUR-NPR.F,EUR-NPR.F,FRA
EURCUP=X,EUR/CUP,CCY
EURNAD=X,EUR/NAD,CCY
EURSAR=X,EUR/SAR,CCY
EGPMAD=X,EGP/MAD,CCY
EUREGP=X,EUR/EGP,CCY
EURMMK=X,EUR/MMK,CCY
EUR-GYD.F,EUR-GYD.F,FRA
985793=X,,
EUR-BHD.F,EUR-BHD.F,
XF000EURHKD0.SG,,
EUR-SZL.F,EUR-SZL.F,FRA
EUR-KRW.F,EUR-KRW.F,
EGPQAR=X,EGP/QAR,CCY
EUR-CUP.F,EUR-CUP.F,
EURTHB=X,EUR/THB,CCY
EURHTG=X,EUR/HTG,CCY
EURCHFFIX=X,,
EUR-VND.F,EUR-VND.F,
EUR-ISK.F,EUR-ISK.F,
EURARS=X,EUR/ARS,CCY
EURKMF=X,EUR/KMF,CCY
EUR-SYP.F,EUR-SYP.F,
EGPEUR=X,EGP/EUR,CCY
EUR-CHF.F,EUR-CHF.F,FRA
EURZWL=X,EUR/ZWL,CCY
EURDJF=X,EUR/DJF,CCY
EUR-SCR.F,EUR-SCR.F,
EUR-DKK.F,EUR-DKK.F,
EGPSAR=X,EGP/SAR,CCY
EGPJOD=X,EGP/JOD,CCY
EURFKP=X,EUR/FKP,CCY
EURMAD=X,EUR/MAD,CCY
EURLRD=X,EUR/LRD,CCY
EUR-GMD.F,EUR-GMD.F,FRA
EUR-ZAR.F,EUR-ZAR.F,
EUR-QAR.F,EUR-QAR.F,FRA
XF000EURNOK5.SG,,
EONK.F,EONK.F,
EGPPKR=X,EGP/PKR,CCY
XF000EURBRL1.SG,XF000EURBRL1.SG,STU
EURDKK=X,EUR/DKK,CCY
EURIQD=X,EUR/IQD,CCY
OCEU.EX,,
EUR-HKD.F,EUR-HKD.F,FRA
XF000EURHUF4.SG,XF000EURHUF4.SG,STU
EUR-AOA.F,EUR-AOA.F,FRA
EGPLKR=X,EGP/LKR,CCY
EURAZN=X,EUR/AZN,CCY
EURGYD=X,EUR/GYD,CCY
EGPOMR=X,EGP/OMR,CCY
EURSEKFIX=X,,
EURMOP=X,EUR/MOP,CCY
EUR-SOS.F,EUR-SOS.F,FRA
EUR-XDR.F,EUR-XDR.F,
EGPRUB=X,EGP/RUB,CCY
EGPLVL=X,EGP/LVL,CCY
EUR-CZK.F,EUR-CZK.F,
EUR-MOP.F,EUR-MOP.F,
EGPHKD=X,EGP/HKD,CCY
EUR-XCD.F,EUR-XCD.F,FRA
EOYN.F,EOYN.F,
EURKHR=X,EUR/KHR,CCY
881349.MC,,
EURSEK=X,EUR/SEK,CCY
EURAWG=X,EUR/AWG,CCY
EUR-LRD.F,EUR-LRD.F,
IDEPM.MDD,IDEPM.MDD,MDD
EUR-IRR.F,EUR-IRR.F,
EUR-GTQ.F,EUR-GTQ.F,
EUR-PYG.F,EUR-PYG.F,
EURTZS=X,EUR/TZS,CCY
EUR-CNH.F,EUR-CNH.F,FRA
EURBYR=X,EUR/BYR,CCY
EUROMR=X,EUR/OMR,CCY
XF000EURCNY1.SG,,
EURBRL=X,EUR/BRL,CCY
EURIRR=X,EUR/IRR,CCY
EGPSEK=X,EGP/SEK,CCY
EURKYD=X,EUR/KYD,CCY
EURANG=X,EUR/ANG,CCY
EURGNF=X,EUR/GNF,CCY
EUR-RON.F,EUR-RON.F,
EUR-KHR.F,EUR-KHR.F,FRA
EURPGK=X,EUR/PGK,CCY
EURNGN=X,EUR/NGN,CCY
XF000EURSEK5.SG,XF000EURSEK5.SG,STU
EUR-GNF.F,EUR-GNF.F,
EUR-DJF.F,EUR-DJF.F,FRA
EURTWD=X,EUR/TWD,CCY
EUR-KYD.F,EUR-KYD.F,FRA
EUR-MRO.F,EUR/MRO,FRA
EURQAR=X,EUR/QAR,CCY
EUR-BAM.F,EUR-BAM.F,FRA
EURVEF=X,EUR/VEF,CCY
ERNUSD=X,ERN/USD,CCY
EURRUB=X,EUR/RUB,CCY
EUR-BBD.F,EUR-BBD.F,
EURFJD=X,EUR/FJD,CCY
XF000EURGBP5.SG,XF000EURGBP5.SG,STU
FCEP.EX,,
EOCD.F,EOCD.F,
EUR-LYD.F,EUR-LYD.F,
OCEF.EX,,
EURKGS=X,EUR/KGS,CCY
EUR-ARS.F,EUR-ARS.F,FRA
EURLSL=X,EUR/LSL,CCY
EURDKKFIX=X,,
EURUZS=X,EUR/UZS,CCY
EURSDG=X,EUR/SDG,CCY
EUR-NAD.F,EUR-NAD.F,FRA
EURVUV=X,EUR/VUV,CCY
EUR-JMD.F,EUR-JMD.F,
EUR-SAR.F,EUR-SAR.F,FRA
EUR-NZD.F,EUR-NZD.F,FRA
EURBBD=X,EUR/BBD,CCY
EURBHD=X,EUR/BHD,CCY
EUR-CDF.F,EUR-CDF.F,
EUR-TMM.F,EUR-TMM.F,FRA
EUR-BRL.F,EUR-BRL.F,
EURTTD=X,EUR/TTD,CCY
EUR-TMT.F,EUR-TMT.F,
EURCDF=X,EUR/CDF,CCY
EURPHP=X,EUR/PHP,CCY
EURSZL=X,EUR/SZL,CCY
EURLTL=X,EUR/LTL,CCY
GDEPY.MDD,,
EUR-INR.F,EUR-INR.F,
IDEPQ.MDD,,
EUR-JPY.F,EUR-JPY.F,FRA
XF000EURIDR3.SG,XF000EURIDR3.SG,STU
EURUAH=X,EUR/UAH,CCY
XF000EURCZK4.SG,XF000EURCZK4.SG,STU
EURBTN=X,EUR/BTN,CCY
EUR-CAD.F,EUR-CAD.F,
2108862=X,,
EUR-WST.F,EUR-WST.F,FRA
XF000EURCLP3.SG,,
ETBGBP=X,ETB/GBP,CCY
EURJMD=X,EUR/JMD,CCY
XF000EURZAR3.SG,,
EURKPW=X,EUR/KPW,CCY
EUR-PLN.F,EUR-PLN.F,FRA
EURGBPFIX=X,,
EUR-AUD.F,EUR-AUD.F,
EUR-ZMW.F,EUR-ZMW.F,
EUR-BGN.F,EUR-BGN.F,
EURXOF=X,EUR/XOF,CCY
EUR-BND.F,EUR-BND.F,
EDX.PA,,
EUR-STD.F,EUR-STD.F,FRA
EGPPLN=X,EGP/PLN,CCY
EUR-UAH.F,EUR-UAH.F,
ETBUSD=X,ETB/USD,CCY
EUR-KGS.F,EUR-KGS.F,FRA
EURCNH=X,EUR/CNH,CCY
EUR-SGD.F,EUR-SGD.F,
EURXDR=X,EUR/XDR,CCY
EUREUR=X,EUR/EUR,CCY
EURTJS=X,EUR/TJS,CCY
EUR-EEK.F,EUR-EEK.F,FRA
EUR-IDR.F,EUR-IDR.F,
EURTND=X,EUR/TND,CCY
EURLTL-FIX=X,,
EUR-MVR.F,EUR-MVR.F,FRA
EOLS.F,EOLS.F,
EURRWF=X,EUR/RWF,CCY
EURMZN=X,EUR/MZN,CCY
EURKWD=X,EUR/KWD,CCY
ERNEUR=X,ERN/EUR,CCY
EUR-RUB.F,EUR-RUB.F,FRA
EURUSDCB.ME,,
EUR-TWD.F,EUR-TWD.F,
XF000EURSGD5.SG,,
EUR-LAK.F,EUR-LAK.F,
XF000EURJPY1.SG,,
XF000EURUSD6.SG,,
EURSRD=X,EUR/SRD,CCY
EURNOK=X,EUR/NOK,CCY
EGPTND=X,EGP/TND,CCY
EGPLTL=X,EGP/LTL,CCY
EURSHP=X,EUR/SHP,CCY
EURBND=X,EUR/BND,CCY
EURSCR=X,EUR/SCR,CCY
EURNIO=X,EUR/NIO,CCY
EUR-RSD.F,EUR-RSD.F,FRA
EUR-KWD.F,EUR-KWD.F,FRA
EURGMD=X,EUR/GMD,CCY
EUR-CRC.F,EUR-CRC.F,
EUR-CVE.F,EUR-CVE.F,FRA
EURWST=X,EUR/WST,CCY
EBM.PA,,
EUR-LSL.F,EUR-LSL.F,
EGP=X,USD/EGP,CCY
EUR-LKR.F,EUR-LKR.F,FRA
EUR-USD.F,EUR-USD.F,
EUR-PAB.F,EUR-PAB.F,FRA
EURHKD=X,EUR/HKD,CCY
EGPMUR=X,EGP/MUR,CCY
EURSGD=X,EUR/SGD,CCY
EURCNY=X,EUR/CNY,CCY
EUR-XPF.F,EUR-XPF.F,
EUR-XOF.F,EUR-XOF.F,
EUR-BIF.F,EUR-BIF.F,
EGPTHB=X,EGP/THB,CCY
XF000EURMXN2.SG,,
ETBEUR=X,ETB/EUR,CCY
EUR-BYR.F,EUR-BYR.F,
EUR-NOK.F,EUR-NOK.F,
EGPCZK=X,EGP/CZK,CCY
EUR-AZN.F,EUR-AZN.F,
EURIDR=X,EUR/IDR,CCY
EUR-PKR.F,EUR-PKR.F,
EUR-VEF.F,EUR-VEF.F,
EURMXN=X,EUR/MXN,CCY
EURRON=X,EUR/RON,CCY
EUR-MXN.F,EUR-MXN.F,FRA
XF000EURCAD2.SG,,
EURHNL=X,EUR/HNL,CCY
EUR-TND.F,EUR-TND.F,
EUR-EUR.F,EUR-EUR.F,
EUR-IQD.F,EUR-IQD.F,
XF000EURPLN0.SG,,
EUR-ANG.F,EUR-ANG.F,
EUR-FJD.F,EUR-FJD.F,FRA
EGPCAD=X,EGP/CAD,CCY
EURGHS=X,EUR/GHS,CCY
EURMGA=X,EUR/MGA,CCY
XF000EURNZD6.SG,,
EUR-MKD.F,EUR-MKD.F,
EURERN=X,EUR/ERN,CCY
GDEPQ.MDD,,
EUR-CLP.F,EUR-CLP.F,FRA
EOSF.F,EOSF.F,
EURCVE=X,EUR/CVE,CCY
EURSTD=X,EUR/STD,CCY
EUR-UGX.F,EUR-UGX.F,
EGPPHP=X,EGP/PHP,CCY
EUR-AED.F,EUR-AED.F,
EUR-THB.F,EUR-THB.F,
EGPDKK=X,EGP/DKK,CCY
XF000EURAUD4.SG,,
EUR-BSD.F,EUR-BSD.F,
EUR-RWF.F,EUR-RWF.F,FRA
EUR-MZN.F,EUR-MZN.F,
EUR-SEK.F,EUR-SEK.F,
EUR-AMD.F,EUR-AMD.F,FRA
EURINR=X,EUR/INR,CCY
EUR-GHS.F,EUR-GHS.F,FRA
EUR-TZS.F,EUR-TZS.F,
GDEPM.MDD,GDEPM.MDD,MDD
XF000EURRUB2.SG,,
EUR-LTL.F,EUR-LTL.F,FRA
EURHUF=X,EUR/HUF,CCY
EUR-MDL.F,EUR-MDL.F,
EODL.F,EODL.F,FRA
EUR-NIO.F,EUR-NIO.F,
EUR-MYR.F,EUR-MYR.F,FRA
EURCLP=X,EUR/CLP,CCY
EGPCNY=X,EGP/CNY,CCY
EUR-SRD.F,EUR-SRD.F,
EURCLF=X,EUR/CLF,CCY
EUR-ALL.F,EUR-ALL.F,FRA
EGPIDR=X,EGP/IDR,CCY
IDEPY.MDD,,
EODK.F,EODK.F,
EURLYD=X,EUR/LYD,CCY
EUR-NGN.F,EUR-NGN.F,
EURTMT=X,EUR/TMT,CCY
EOSK.F,EOSK.F,FRA
EURXCD=X,EUR/XCD,CCY
EGPCHF=X,EGP/CHF,CCY
EGPTWD=X,EGP/TWD,CCY
ILSLVL=X,ILS/LVL,CCY
FJDCAD=X,FJD/CAD,CCY
NOKLVL=X,NOK/LVL,CCY
HU53.EX,HU53.EX,EUX
881341.HE,881341.HE,HEL
HF30.EX,,
FRF=X,USD/FRF,CCY
FSH1.EX,FSH1.EX,EUX
HU33.EX,HU33.EX,EUX
GELLVL=X,GEL/LVL,CCY
FJD=X,USD/FJD,CCY
FIMUSD=X,,
FJDUSD=X,FJD/USD,CCY
FKP=X,USD/FKP,CCY
FJDNZD=X,FJD/NZD,CCY
FJDAUD=X,FJD/AUD,CCY
FJDJPY=X,FJD/JPY,CCY
FJDEUR=X,FJD/EUR,CCY
881343.IR,881343.IR,ISE
HF43.EX,,
HU13.EX,HU13.EX,EUX
XDRLTL=X,XDR/LTL,CCY
FJDCHF=X,FJD/CHF,CCY
HF40.EX,,
LVLPLN=X,LVL/PLN,CCY
LTLCZK=X,LTL/CZK,CCY
LTLPLN=X,LTL/PLN,CCY
SGDLVL=X,SGD/LVL,CCY
FJDHKD=X,FJD/HKD,CCY
PLNLVL=X,PLN/LVL,CCY
FGFX.EX,,
HF53.EX,HF53.EX,EUX
FRFCHF=X,FRF/CHF,CCY
FKPUSD=X,FKP/USD,CCY
HKDLVL=X,HKD/LVL,CCY
RUBLVL=X,RUB/LVL,CCY
FJDDKK=X,FJD/DKK,CCY
14596345.EX,,
HF50.EX,,
HU23.EX,,
HF33.EX,HF33.EX,EUX
HU43.EX,,
HG23.EX,,
LTLLVL=X,LTL/LVL,CCY
HG13.EX,HG13.EX,EUX
FKPCHF=X,FKP/CHF,CCY
FCPU.EX,,
SEKLVL=X,SEK/LVL,CCY
KZTLTL=X,KZT/LTL,CCY
LVLCZK=X,LVL/CZK,CCY
FJDGBP=X,FJD/GBP,CCY
GBPUSD=X,GBP/USD,CCY
GBPJPY=X,GBP/JPY,CCY
GHSTWD=X,GHS/TWD,CCY
GBPZAR=X,GBP/ZAR,CCY
GBPNZD=X,GBP/NZD,CCY
GBPEUR=X,GBP/EUR,CCY
GBPCHF=X,GBP/CHF,CCY
GBP=X,USD/GBP,CCY
GHSTRY=X,GHS/TRY,CCY
GHSSEK=X,GHS/SEK,CCY
GHSOMR=X,GHS/OMR,CCY
GHSMAD=X,GHS/MAD,CCY
GHSCZK=X,GHS/CZK,CCY
GHSCOP=X,GHS/COP,CCY
GHSCNH=X,GHS/CNH,CCY
GHSBWP=X,GHS/BWP,CCY
GHSBRL=X,GHS/BRL,CCY
GHSBMD=X,Ghana Cedi (b) vs Bermuda Dolla,CCY
GBPZWL=X,GBP/ZWL,CCY
GBPUAH=X,GBP/UAH,CCY
GBPTRY=X,GBP/TRY,CCY
GBPTMT=X,GBP/TMT,CCY
GBPTHB=X,GBP/THB,CCY
GBPSLL=X,GBP/SLL,CCY
GBPSGD=X,GBP/SGD,CCY
GBPLRD=X,GBP/LRD,CCY
GBPKES=X,GBP/KES,CCY
GBPILS=X,GBP/ILS,CCY
GBPGNF=X,GBP/GNF,CCY
GBPFJD=X,GBP/FJD,CCY
GBPCAD=X,GBP/CAD,CCY
GBPBND=X,GBP/BND,CCY
GBPAUD=X,GBP/AUD,CCY
GBPANG=X,GBP/ANG,CCY
GBPAED=X,GBP/AED,CCY
GHSCLF=X,GHS/CLF,CCY
GBPJOD=X,GBP/JOD,CCY
GHSRON=X,GHS/RON,CCY
GELCHF=X,GEL/CHF,CCY
GBPGMD=X,GBP/GMD,CCY
GHSSBD=X,GHS/SBD,CCY
GHSTHB=X,GHS/THB,CCY
GHSQAR=X,GHS/QAR,CCY
GHSUGX=X,GHS/UGX,CCY
GBPBHD=X,GBP/BHD,CCY
GHSXDR=X,GHS/XDR,CCY
GBPFKP=X,GBP/FKP,CCY
GTQCAD=X,GTQ/CAD,CCY
19754110.SW,,
GBPBRL=X,GBP/BRL,CCY
GBPLVL=X,GBP/LVL,CCY
GELUSD=X,GEL/USD,CCY
GBPNPR=X,GBP/NPR,CCY
GHSPKR=X,GHS/PKR,CCY
GBPMYR=X,GBP/MYR,CCY
GTQGBP=X,GTQ/GBP,CCY
GBPAOA=X,GBP/AOA,CCY
GTQUSD=X,GTQ/USD,CCY
GHSKYD=X,GHS/KYD,CCY
GBPRUB=X,GBP/RUB,CCY
GHSAFN=X,Ghana Cedi (b) vs Afghanistan A,CCY
GBPLAK=X,GBP/LAK,CCY
GBPCVE=X,GBP/CVE,CCY
GBPIQD=X,GBP/IQD,CCY
GHSINR=X,GHS/INR,CCY
GHSMWK=X,GHS/MWK,CCY
GBPMOP=X,GBP/MOP,CCY
GBPARS=X,GBP/ARS,CCY
GBPAZN=X,GBP/AZN,CCY
GHS=X,USD/GHS,CCY
GBPAWG=X,GBP/AWG,CCY
GHSCLP=X,GHS/CLP,CCY
GBPMVR=X,GBP/MVR,CCY
GHSHUF=X,GHS/HUF,CCY
GTQEUR=X,GTQ/EUR,CCY
GNF=X,USD/GNF,CCY
GBPBDT=X,GBP/BDT,CCY
GHSLKR=X,GHS/LKR,CCY
GBPBTN=X,GBP/BTN,CCY
GBPHUF=X,GBP/HUF,CCY
GBPJMD=X,GBP/JMD,CCY
GIP=X,USD/GIP,CCY
GBPCOP=X,GBP/COP,CCY
GBPMKD=X,GBP/MKD,CCY
GHSBGN=X,GHS/BGN,CCY
GMDCHF=X,GMD/CHF,CCY
GHSVND=X,GHS/VND,CCY
GHSMUR=X,GHS/MUR,CCY
GBPRSD=X,GBP/RSD,CCY
GBPGEL=X,GBP/GEL,CCY
GHSIDR=X,GHS/IDR,CCY
GHSMOP=X,GHS/MOP,CCY
GBPMAD=X,GBP/MAD,CCY
GBPDOP=X,GBP/DOP,CCY
GBPMNT=X,GBP/MNT,CCY
GDO.AS,,
GBPHTG=X,GBP/HTG,CCY
GBPMXN=X,GBP/MXN,CCY
GHSTND=X,GHS/TND,CCY
GBPTND=X,GBP/TND,CCY
GMDEUR=X,GMD/EUR,CCY
GHSDKK=X,GHS/DKK,CCY
GBPPLN=X,GBP/PLN,CCY
GHSNZD=X,GHS/NZD,CCY
GBPPEN=X,GBP/PEN,CCY
GHSPEN=X,GHS/PEN,CCY
GBPCNH=X,GBP/CNH,CCY
GBPZMK=X,,
GBPCLP=X,GBP/CLP,CCY
GHSZAR=X,GHS/ZAR,CCY
GHSMYR=X,GHS/MYR,CCY
GBPCNY=X,GBP/CNY,CCY
GMDGBP=X,GMD/GBP,CCY
GBPSHP=X,GBP/SHP,CCY
GHSUSD=X,GHS/USD,CCY
GBPDJF=X,GBP/DJF,CCY
GLDUZ=X,,
GBPMDL=X,GBP/MDL,CCY
GBPTOP=X,GBP/TOP,CCY
GBPLYD=X,GBP/LYD,CCY
GHSAUD=X,GHS/AUD,CCY
GBPMGA=X,GBP/MGA,CCY
OCPF.EX,OCPF.EX,EUX
GBPBOB=X,GBP/BOB,CCY
GBPCUP=X,GBP/CUP,CCY
GBPOMR=X,GBP/OMR,CCY
GBPIDR=X,GBP/IDR,CCY
GBPXPF=X,GBP/XPF,CCY
GBPXDR=X,GBP/XDR,CCY
GBPCLF=X,GBP/CLF,CCY
19752592.SW,,
GBPISK=X,GBP/ISK,CCY
GBPUZS=X,GBP/UZS,CCY
GBPVND=X,GBP/VND,CCY
GBPNIO=X,GBP/NIO,CCY
GBPETB=X,GBP/ETB,CCY
GBPGHS=X,GBP/GHS,CCY
GBPYER=X,GBP/YER,CCY
GBPSRD=X,GBP/SRD,CCY
19753828.SW,,
GBPBIF=X,GBP/BIF,CCY
GBPGBP=X,GBP/GBP,CCY
GBPALL=X,GBP/ALL,CCY
GBPVEF=X,GBP/VEF,CCY
GELEUR=X,GEL/EUR,CCY
GBPBYR=X,GBP/BYR,CCY
GBPKGS=X,GBP/KGS,CCY
GBPDKK=X,GBP/DKK,CCY
GBPTZS=X,GBP/TZS,CCY
GHSXOF=X,GHS/XOF,CCY
GBPHNL=X,GBP/HNL,CCY
GHSWST=X,GHS/WST,CCY
GHSAED=X,Ghana Cedi (b) vs UAE Dirham Sp,CCY
GBPPKR=X,GBP/PKR,CCY
GBPCZK=X,GBP/CZK,CCY
GIPCHF=X,GIP/CHF,CCY
GHSILS=X,GHS/ILS,CCY
GEL=X,USD/GEL,CCY
GBPITL=X,GBP/ITL,CCY
GBPHRK=X,GBP/HRK,CCY
GBPNAD=X,GBP/NAD,CCY
GBPAMD=X,GBP/AMD,CCY
GBPBGN=X,GBP/BGN,CCY
GHSKWD=X,GHS/KWD,CCY
GHSGBP=X,GHS/GBP,CCY
GIPDKK=X,GIP/DKK,CCY
GBPXCD=X,GBP/XCD,CCY
GBPINR=X,GBP/INR,CCY
GBPWST=X,GBP/WST,CCY
GBPTWD=X,GBP/TWD,CCY
GHSFJD=X,GHS/FJD,CCY
GHSTOP=X,GHS/TOP,CCY
GTQCHF=X,GTQ/CHF,CCY
GBPKPW=X,GBP/KPW,CCY
GHSRUB=X,GHS/RUB,CCY
GHSBHD=X,GHS/BHD,CCY
GBPUYU=X,GBP/UYU,CCY
GBPSVC=X,GBP/SVC,CCY
GBPPHP=X,GBP/PHP,CCY
GBPSYP=X,GBP/SYP,CCY
GBPBAM=X,GBP/BAM,CCY
GBPZMW=X,GBP/ZMW,CCY
GHSRWF=X,GHS/RWF,CCY
19754106.SW,,
GHSPHP=X,GHS/PHP,CCY
GBPSAR=X,GBP/SAR,CCY
GHSZWL=X,GHS/ZWL,CCY
GBPSBD=X,GBP/SBD,CCY
GBPRON=X,GBP/RON,CCY
GBPPAB=X,GBP/PAB,CCY
GBPMUR=X,GBP/MUR,CCY
GHSNOK=X,GHS/NOK,CCY
274702=X,,
19754112.SW,19754112.SW,EBS
GBPKRW=X,GBP/KRW,CCY
19752528.SW,19752528.SW,EBS
GBPUGX=X,GBP/UGX,CCY
GHSBDT=X,GHS/BDT,CCY
GBPAFN=X,GBP/AFN,CCY
GHSRSD=X,GHS/RSD,CCY
19751807.SW,,
GHSTZS=X,GHS/TZS,CCY
GMDDKK=X,GMD/DKK,CCY
GBPKYD=X,GBP/KYD,CCY
GHSEGP=X,GHS/EGP,CCY
GHSNGN=X,GHS/NGN,CCY
GBPERN=X,GBP/ERN,CCY
GBPSDG=X,GBP/SDG,CCY
GBPVUV=X,GBP/VUV,CCY
GHSCAD=X,GHS/CAD,CCY
GBPSOS=X,GBP/SOS,CCY
GHSSAR=X,GHS/SAR,CCY
GHSARS=X,GHS/ARS,CCY
GTQ=X,USD/GTQ,CCY
GBPMWK=X,GBP/MWK,CCY
19754103.SW,,
GBPBMD=X,GBP/BMD,CCY
GHSANG=X,Ghana Cedi (b) vs Netherlands A,CCY
GBPBSD=X,GBP/BSD,CCY
GBPRWF=X,GBP/RWF,CCY
19752549.SW,,
GHSJOD=X,GHS/JOD,CCY
19752596.SW,,
GBPNOK=X,GBP/NOK,CCY
GBPLBP=X,GBP/LBP,CCY
1759700=X,,
19753401.SW,,
19752585.SW,,
GBPEGP=X,GBP/EGP,CCY
GBPLSL=X,GBP/LSL,CCY
19752571.SW,19752571.SW,EBS
GELGBP=X,GEL/GBP,CCY
GBPSCR=X,GBP/SCR,CCY
GMDUSD=X,GMD/USD,CCY
HG10.EX,,
19752593.SW,,
GBPLKR=X,GBP/LKR,CCY
GBPDZD=X,GBP/DZD,CCY
GHSEUR=X,GHS/EUR,CCY
GBPPYG=X,GBP/PYG,CCY
GBPIRR=X,GBP/IRR,CCY
GBPMMK=X,GBP/MMK,CCY
GBPGYD=X,GBP/GYD,CCY
GBPSZL=X,GBP/SZL,CCY
GBPXOF=X,GBP/XOF,CCY
GBPBBD=X,GBP/BBD,CCY
GHSCNY=X,GHS/CNY,CCY
GBPXAF=X,GBP/XAF,CCY
GHSNAD=X,GHS/NAD,CCY
GHSSGD=X,GHS/SGD,CCY
GBPGIP=X,GBP/GIP,CCY
GBPQAR=X,GBP/QAR,CCY
GHSZMW=X,GHS/ZMW,CCY
GBPMZN=X,GBP/MZN,CCY
19752531.SW,,
GBPGTQ=X,GBP/GTQ,CCY
GHSISK=X,GHS/ISK,CCY
GHSKZT=X,GHS/KZT,CCY
GBPKZT=X,GBP/KZT,CCY
19753383.SW,19753383.SW,EBS
GMD=X,USD/GMD,CCY
GHSHKD=X,GHS/HKD,CCY
HG20.EX,HG20.EX,EUX
GBPMRO=X,GBP/MRO,CCY
GBPKHR=X,GBP/KHR,CCY
GBPTTD=X,GBP/TTD,CCY
GBPLTL=X,GBP/LTL,CCY
GDO.NX,GDO.NX,ENX
GHSMXN=X,GHS/MXN,CCY
GBPCDF=X,GBP/CDF,CCY
GBPHKD=X,GBP/HKD,CCY
GBPCRC=X,GBP/CRC,CCY
GHSJPY=X,GHS/JPY,CCY
GHSKES=X,GHS/KES,CCY
GBPPGK=X,GBP/PGK,CCY
GBPSEK=X,GBP/SEK,CCY
GHSHRK=X,GHS/HRK,CCY
GBPBWP=X,GBP/BWP,CCY
GBPBZD=X,GBP/BZD,CCY
GBPNGN=X,GBP/NGN,CCY
GIPUSD=X,GIP/USD,CCY
GBPKMF=X,GBP/KMF,CCY
GBPSTD=X,GBP/STD,CCY
GBPTJS=X,GBP/TJS,CCY
GHSKRW=X,GHS/KRW,CCY
GHSPGK=X,GHS/PGK,CCY
GYD=X,USD/GYD,CCY
GBPKWD=X,GBP/KWD,CCY
HKDUSD=X,HKD/USD,CCY
HKDCNY=X,HKD/CNY,CCY
HUFTRY=X,HUF/TRY,CCY
HUFTHB=X,HUF/THB,CCY
HUFSEK=X,HUF/SEK,CCY
HUFSAR=X,HUF/SAR,CCY
HUFHKD=X,HUF/HKD,CCY
HRKLTL=X,HRK/LTL,CCY
HNLCAD=X,HNL/CAD,CCY
HKDTND=X,HKD/TND,CCY
HKDPLN=X,HKD/PLN,CCY
HKDNGN=X,HKD/NGN,CCY
HKDMAD=X,HKD/MAD,CCY
HKDDKK=X,HKD/DKK,CCY
HKDCHF=X,HKD/CHF,CCY
HU10.EX,,
HNL=X,USD/HNL,CCY
HKDPHP=X,HKD/PHP,CCY
HUFUAH=X,HUF/UAH,CCY
HUFPLN=X,HUF/PLN,CCY
HUFRUB=X,HUF/RUB,CCY
HNLEUR=X,HNL/EUR,CCY
HUFTWD=X,HUF/TWD,CCY
HRKSGD=X,HRK/SGD,CCY
HKDJPY=X,HKD/JPY,CCY
HUFEGP=X,HUF/EGP,CCY
HUFMYR=X,HUF/MYR,CCY
HUFAUD=X,HUF/AUD,CCY
HUFLTL=X,HUF/LTL,CCY
HRKJPY=X,HRK/JPY,CCY
HUFCZK=X,HUF/CZK,CCY
HUFTND=X,HUF/TND,CCY
HRKAED=X,HRK/AED,CCY
HKDBHD=X,HKD/BHD,CCY
HRKAUD=X,HRK/AUD,CCY
HKDPKR=X,HKD/PKR,CCY
HKDSAR=X,HKD/SAR,CCY
HKDBOB=X,HKD/BOB,CCY
HRKCZK=X,HRK/CZK,CCY
HKDIDR=X,HKD/IDR,CCY
HU20.EX,,
HRKMKD=X,HRK/MKD,CCY
HRKCNY=X,HRK/CNY,CCY
HRKINR=X,HRK/INR,CCY
HTGGBP=X,HTG/GBP,CCY
HKDEUR=X,HKD/EUR,CCY
HKDTRY=X,HKD/TRY,CCY
HRKGBP=X,HRK/GBP,CCY
HUFBAM=X,HUF/BAM,CCY
HKD=X,USD/HKD,CCY
HUFJPY=X,HUF/JPY,CCY
HKDBRL=X,HKD/BRL,CCY
HUFNOK=X,HUF/NOK,CCY
HKDCNH=X,HKD/CNH,CCY
HKDCLP=X,HKD/CLP,CCY
29134342=X,,
HUFCAD=X,HUF/CAD,CCY
HUFKES=X,HUF/KES,CCY
HRKDKK=X,HRK/DKK,CCY
HKDLKR=X,HKD/LKR,CCY
HKDMOP=X,HKD/MOP,CCY
HKDAUD=X,HKD/AUD,CCY
HNLUSD=X,HNL/USD,CCY
HRKKWD=X,HRK/KWD,CCY
HKDUYU=X,HKD/UYU,CCY
HRKHKD=X,HRK/HKD,CCY
HRKBRL=X,HRK/BRL,CCY
HKDOMR=X,HKD/OMR,CCY
HUFMXN=X,HUF/MXN,CCY
HKDNZD=X,HKD/NZD,CCY
HRKZAR=X,HRK/ZAR,CCY
HKDLTL=X,HKD/LTL,CCY
HTGUSD=X,HTG/USD,CCY
HKDVND=X,HKD/VND,CCY
HKDLBP=X,HKD/LBP,CCY
HKDTHB=X,HKD/THB,CCY
HUFRON=X,HUF/RON,CCY
HUFBRL=X,HUF/BRL,CCY
HUFIDR=X,HUF/IDR,CCY
HU50.EX,,
HNLGBP=X,HNL/GBP,CCY
HKDCZK=X,HKD/CZK,CCY
HKDEGP=X,HKD/EGP,CCY
HKDAED=X,HKD/AED,CCY
HKDCOP=X,HKD/COP,CCY
HKDMYR=X,HKD/MYR,CCY
HRKPLN=X,HRK/PLN,CCY
HKDVEF=X,HKD/VEF,CCY
HRKNOK=X,HRK/NOK,CCY
HRKRSD=X,HRK/RSD,CCY
HKDRUB=X,HKD/RUB,CCY
HRKNZD=X,HRK/NZD,CCY
HRKCHF=X,HRK/CHF,CCY
HKDUGX=X,HKD/UGX,CCY
HUFMAD=X,HUF/MAD,CCY
HTGCHF=X,HTG/CHF,CCY
29134340=X,,
HKDGHS=X,HKD/GHS,CCY
HTGEUR=X,HTG/EUR,CCY
HKDMUR=X,HKD/MUR,CCY
HUFLKR=X,HUF/LKR,CCY
HNLCHF=X,HNL/CHF,CCY
HUFMUR=X,HUF/MUR,CCY
HKDBWP=X,HKD/BWP,CCY
29134341=X,,
HKDKRW=X,HKD/KRW,CCY
HTG=X,USD/HTG,CCY
HRKSEK=X,HRK/SEK,CCY
HUFQAR=X,HUF/QAR,CCY
HKDKWD=X,HKD/KWD,CCY
HKDBDT=X,HKD/BDT,CCY
HUFNZD=X,HUF/NZD,CCY
HKDQAR=X,HKD/QAR,CCY
HKDPEN=X,HKD/PEN,CCY
HKDHUF=X,HKD/HUF,CCY
HRKTHB=X,HRK/THB,CCY
HUFAED=X,HUF/AED,CCY
HUFISK=X,HUF/ISK,CCY
HUFINR=X,HUF/INR,CCY
HRKCAD=X,HRK/CAD,CCY
HUFDKK=X,HUF/DKK,CCY
HUFZAR=X,HUF/ZAR,CCY
HRKILS=X,HRK/ILS,CCY
HKDCAD=X,HKD/CAD,CCY
HU30.EX,,
HUFSGD=X,HUF/SGD,CCY
HKDTWD=X,HKD/TWD,CCY
HUFCNY=X,HUF/CNY,CCY
HRKRON=X,HRK/RON,CCY
HKDZWL=X,HKD/ZWL,CCY
HRKBAM=X,HRK/BAM,CCY
HUFRSD=X,HUF/RSD,CCY
HKDKES=X,HKD/KES,CCY
HRKEUR=X,HRK/EUR,CCY
HKDARS=X,HKD/ARS,CCY
HKDMXN=X,HKD/MXN,CCY
HRKRUB=X,HRK/RUB,CCY
HKDSGD=X,HKD/SGD,CCY
HUFKRW=X,HUF/KRW,CCY
HUFILS=X,HUF/ILS,CCY
HU40.EX,HU40.EX,EUX
HRKTRY=X,HRK/TRY,CCY
HUFPHP=X,HUF/PHP,CCY
HRKKRW=X,HRK/KRW,CCY
HKDINR=X,HKD/INR,CCY
HUF=X,USD/HUF,CCY
HKDILS=X,HKD/ILS,CCY
HKDJOD=X,HKD/JOD,CCY
HKDISK=X,HKD/ISK,CCY
HKDBMD=X,HKD/BMD,CCY
HRKUSD=X,HRK/USD,CCY
HKDZAR=X,HKD/ZAR,CCY
HRKUAH=X,HRK/UAH,CCY
ISKTRY=X,ISK/TRY,CCY
ISKMUR=X,ISK/MUR,CCY
ISKINR=X,ISK/INR,CCY
ISKGBP=X,ISK/GBP,CCY
ISKEGP=X,ISK/EGP,CCY
ISKCAD=X,ISK/CAD,CCY
INRTND=X,INR/TND,CCY
INRSGD=X,INR/SGD,CCY
INRMAD=X,INR/MAD,CCY
INRCAD=X,INR/CAD,CCY
INRBRL=X,INR/BRL,CCY
ILSPLN=X,ILS/PLN,CCY
ILSPHP=X,ILS/PHP,CCY
ILSMUR=X,ILS/MUR,CCY
ILSLTL=X,ILS/LTL,CCY
ILSHKD=X,ILS/HKD,CCY
ILSCNY=X,ILS/CNY,CCY
ILSCAD=X,ILS/CAD,CCY
IDR=X,USD/IDR,CCY
ISKILS=X,ISK/ILS,CCY
INRISK=X,INR/ISK,CCY
IDRKES=X,IDR/KES,CCY
ILSSGD=X,ILS/SGD,CCY
ILSCHF=X,ILS/CHF,CCY
INRLTL=X,INR/LTL,CCY
ILSJOD=X,ILS/JOD,CCY
ISKQAR=X,ISK/QAR,CCY
INRGHS=X,INR/GHS,CCY
INRAUD=X,INR/AUD,CCY
ILSRUB=X,ILS/RUB,CCY
ILSHUF=X,ILS/HUF,CCY
ILSGBP=X,ILS/GBP,CCY
ISKCNY=X,ISK/CNY,CCY
ISKHUF=X,ISK/HUF,CCY
ILSDKK=X,ILS/DKK,CCY
INRPLN=X,INR/PLN,CCY
ILSTND=X,ILS/TND,CCY
INR=X,USD/INR,CCY
INRMYR=X,INR/MYR,CCY
ILSAED=X,ILS/AED,CCY
INRCZK=X,INR/CZK,CCY
ILSNOK=X,ILS/NOK,CCY
ISKAED=X,ISK/AED,CCY
ILSKES=X,ILS/KES,CCY
ILSSAR=X,ILS/SAR,CCY
IDRGHS=X,IDR/GHS,CCY
ILSTRY=X,ILS/TRY,CCY
ISKEUR=X,ISK/EUR,CCY
IDRRUB=X,IDR/RUB,CCY
ISKLTL=X,ISK/LTL,CCY
IQD=X,USD/IQD,CCY
ISKCHF=X,ISK/CHF,CCY
ILSXDR=X,ILS/XDR,CCY
IDRINR=X,IDR/INR,CCY
INRPHP=X,INR/PHP,CCY
ILSZAR=X,ILS/ZAR,CCY
ILSSEK=X,ILS/SEK,CCY
ISKJPY=X,ISK/JPY,CCY
INRSEK=X,INR/SEK,CCY
INRIDR=X,INR/IDR,CCY
INRQAR=X,INR/QAR,CCY
IDRUGX=X,IDR/UGX,CCY
IRR=X,USD/IRR,CCY
ISKCZK=X,ISK/CZK,CCY
ISKKRW=X,ISK/KRW,CCY
INROMR=X,INR/OMR,CCY
ILSCZK=X,ILS/CZK,CCY
ISKXDR=X,ISK/XDR,CCY
IDRISK=X,IDR/ISK,CCY
29134344=X,,
INRDKK=X,INR/DKK,CCY
ISKRUB=X,ISK/RUB,CCY
INRLKR=X,INR/LKR,CCY
INRZAR=X,INR/ZAR,CCY
INRXDR=X,INR/XDR,CCY
INRJOD=X,INR/JOD,CCY
ISKTND=X,ISK/TND,CCY
ILSOMR=X,ILS/OMR,CCY
ILSINR=X,ILS/INR,CCY
INRUGX=X,INR/UGX,CCY
ISKUSD=X,ISK/USD,CCY
ILSTWD=X,ILS/TWD,CCY
IDRBWP=X,IDR/BWP,CCY
INRGBP=X,INR/GBP,CCY
INRJPY=X,INR/JPY,CCY
ILSUSD=X,ILS/USD,CCY
INRKES=X,INR/KES,CCY
INRSAR=X,INR/SAR,CCY
INRRUB=X,INR/RUB,CCY
INREGP=X,INR/EGP,CCY
INRHKD=X,INR/HKD,CCY
ILSKRW=X,ILS/KRW,CCY
INRBWP=X,INR/BWP,CCY
INRCHF=X,INR/CHF,CCY
INRCNY=X,INR/CNY,CCY
ISKKES=X,ISK/KES,CCY
ISKJOD=X,ISK/JOD,CCY
ISKPLN=X,ISK/PLN,CCY
ISKHKD=X,ISK/HKD,CCY
ILSMXN=X,ILS/MXN,CCY
ISKDKK=X,ISK/DKK,CCY
ILSIDR=X,ILS/IDR,CCY
IEP=X,USD/IEP,CCY
ISKMAD=X,ISK/MAD,CCY
INRUSD=X,INR/USD,CCY
ISKIDR=X,ISK/IDR,CCY
ISKMXN=X,ISK/MXN,CCY
ISKZAR=X,ISK/ZAR,CCY
ISKLKR=X,ISK/LKR,CCY
IDRHUF=X,IDR/HUF,CCY
INRAED=X,INR/AED,CCY
ISKNOK=X,ISK/NOK,CCY
INRILS=X,INR/ILS,CCY
INREUR=X,INR/EUR,CCY
29134345=X,,
IEPUSD=X,IEP/USD,CCY
ILSMAD=X,ILS/MAD,CCY
ILSTHB=X,ILS/THB,CCY
IDRLKR=X,IDR/LKR,CCY
ILSJPY=X,ILS/JPY,CCY
ILSCLP=X,ILS/CLP,CCY
ISKTHB=X,ISK/THB,CCY
INRNOK=X,INR/NOK,CCY
ISKTWD=X,ISK/TWD,CCY
INRTZS=X,INR/TZS,CCY
INRMXN=X,INR/MXN,CCY
INMUA.NX,,
INRMUR=X,INR/MUR,CCY
INRLVL=X,INR/LVL,CCY
INRHUF=X,INR/HUF,CCY
ILSKWD=X,ILS/KWD,CCY
ILSISK=X,ILS/ISK,CCY
ILSAUD=X,ILS/AUD,CCY
IDRKRW=X,IDR/KRW,CCY
ISKNZD=X,ISK/NZD,CCY
ILS=X,USD/ILS,CCY
ILSBRL=X,ILS/BRL,CCY
INRTRY=X,INR/TRY,CCY
INRBGN=X,INR/BGN,CCY
IDRJPY=X,IDR/JPY,CCY
ISKSAR=X,ISK/SAR,CCY
INRTHB=X,INR/THB,CCY
INMUA.PA,LYXOR MUA INAV,PAR
ILSEGP=X,ILS/EGP,CCY
ISKAUD=X,ISK/AUD,CCY
INRKRW=X,INR/KRW,CCY
ISKSGD=X,ISK/SGD,CCY
INRPKR=X,INR/PKR,CCY
INRNZD=X,INR/NZD,CCY
ISKPHP=X,ISK/PHP,CCY
ISK=X,USD/ISK,CCY
ILSQAR=X,ILS/QAR,CCY
INRTWD=X,INR/TWD,CCY
ILSNZD=X,ILS/NZD,CCY
ISKSEK=X,ISK/SEK,CCY
IEPCHF=X,IEP/CHF,CCY
ILSLKR=X,ILS/LKR,CCY
JPYEUR=X,JPY/EUR,CCY
JPYUSD=X,JPY/USD,CCY
JPYGBP=X,JPY/GBP,CCY
JPY=X,USD/JPY,CCY
JPYNZD=X,JPY/NZD,CCY
JPYIQD=X,JPY/IQD,CCY
JPYZWL=X,JPY/ZWL,CCY
JPYXAF=X,JPY/XAF,CCY
JPYTJS=X,JPY/TJS,CCY
JPYSVC=X,JPY/SVC,CCY
JPYRON=X,JPY/RON,CCY
JPYNAD=X,JPY/NAD,CCY
JPYMMK=X,JPY/MMK,CCY
JPYLYD=X,JPY/LYD,CCY
JPYKGS=X,JPY/KGS,CCY
JPYILS=X,JPY/ILS,CCY
JPYCRC=X,JPY/CRC,CCY
JPYCNY=X,JPY/CNY,CCY
JPYAUD=X,JPY/AUD,CCY
JPYAFN=X,JPY/AFN,CCY
JODTHB=X,JOD/THB,CCY
JODSEK=X,JOD/SEK,CCY
JODRUB=X,JOD/RUB,CCY
JODKRW=X,JOD/KRW,CCY
JODILS=X,JOD/ILS,CCY
JODDKK=X,JOD/DKK,CCY
JPYGMD=X,JPY/GMD,CCY
JPYZMK=X,,
JMDCHF=X,JMD/CHF,CCY
JPYRWF=X,JPY/RWF,CCY
JPYGHS=X,JPY/GHS,CCY
JODCAD=X,JOD/CAD,CCY
JODAUD=X,JOD/AUD,CCY
JODKWD=X,JOD/KWD,CCY
JODLTL=X,JOD/LTL,CCY
JPYKZT=X,JPY/KZT,CCY
JPYAED=X,JPY/AED,CCY
JPYHTG=X,JPY/HTG,CCY
JPYKHR=X,JPY/KHR,CCY
JPYKMF=X,JPY/KMF,CCY
JMDGBP=X,JMD/GBP,CCY
JPYBGN=X,JPY/BGN,CCY
JPYCVE=X,JPY/CVE,CCY
JPYSLL=X,JPY/SLL,CCY
JPYSHP=X,JPY/SHP,CCY
JODMXN=X,JOD/MXN,CCY
JPYKPW=X,JPY/KPW,CCY
JPYCAD=X,JPY/CAD,CCY
JPYMNT=X,JPY/MNT,CCY
JPYCDF=X,JPY/CDF,CCY
JPYBYR=X,JPY/BYR,CCY
JPYBIF=X,JPY/BIF,CCY
JODLKR=X,JOD/LKR,CCY
JODTWD=X,JOD/TWD,CCY
JPYBTN=X,JPY/BTN,CCY
JPYHKD=X,JPY/HKD,CCY
JPYTMT=X,JPY/TMT,CCY
JMDCAD=X,JMD/CAD,CCY
JODAED=X,JOD/AED,CCY
JPYGTQ=X,JPY/GTQ,CCY
JPYBND=X,JPY/BND,CCY
JPYDJF=X,JPY/DJF,CCY
JPYMDL=X,JPY/MDL,CCY
JPYUAH=X,JPY/UAH,CCY
JPYXPF=X,JPY/XPF,CCY
JPYSZL=X,JPY/SZL,CCY
JPYBZD=X,JPY/BZD,CCY
JPYMVR=X,JPY/MVR,CCY
JODSAR=X,JOD/SAR,CCY
JPYERN=X,JPY/ERN,CCY
JPYBOB=X,JPY/BOB,CCY
JODPLN=X,JOD/PLN,CCY
JPYVUV=X,JPY/VUV,CCY
JODCNY=X,JOD/CNY,CCY
JPYWST=X,JPY/WST,CCY
JPYBDT=X,JPY/BDT,CCY
JODNOK=X,JOD/NOK,CCY
JPYFJD=X,JPY/FJD,CCY
JPYMXN=X,JPY/MXN,CCY
JPYMGA=X,JPY/MGA,CCY
JPYJMD=X,JPY/JMD,CCY
JPYZMW=X,JPY/ZMW,CCY
JPYNGN=X,JPY/NGN,CCY
JODQAR=X,JOD/QAR,CCY
JPYSBD=X,JPY/SBD,CCY
JPYLRD=X,JPY/LRD,CCY
JPYLBP=X,JPY/LBP,CCY
JPYDOP=X,JPY/DOP,CCY
JPYIRR=X,JPY/IRR,CCY
JPYETB=X,JPY/ETB,CCY
JPYCNH=X,JPY/CNH,CCY
JPYISK=X,JPY/ISK,CCY
JPYTOP=X,JPY/TOP,CCY
JPYMUR=X,JPY/MUR,CCY
JPYPKR=X,JPY/PKR,CCY
JPYITL=X,JPY/ITL,CCY
JPYCZK=X,JPY/CZK,CCY
JPYCLP=X,JPY/CLP,CCY
JODCZK=X,JOD/CZK,CCY
JPYPYG=X,JPY/PYG,CCY
JPYMOP=X,JPY/MOP,CCY
JPYDKK=X,JPY/DKK,CCY
JPYLSL=X,JPY/LSL,CCY
JPYSRD=X,JPY/SRD,CCY
JPYSYP=X,JPY/SYP,CCY
JPYKRW=X,JPY/KRW,CCY
JPYBMD=X,JPY/BMD,CCY
JODPHP=X,JOD/PHP,CCY
JPYFKP=X,JPY/FKP,CCY
JPYAMD=X,JPY/AMD,CCY
JPYMKD=X,JPY/MKD,CCY
JPYLAK=X,JPY/LAK,CCY
JPYRUB=X,JPY/RUB,CCY
JODLVL=X,JOD/LVL,CCY
JPYMZN=X,JPY/MZN,CCY
JPYTTD=X,JPY/TTD,CCY
JMD=X,USD/JMD,CCY
JPYAZN=X,JPY/AZN,CCY
JPYYER=X,JPY/YER,CCY
JMDUSD=X,JMD/USD,CCY
JODGBP=X,JOD/GBP,CCY
JPYBRL=X,JPY/BRL,CCY
JPYGYD=X,JPY/GYD,CCY
JPYNOK=X,JPY/NOK,CCY
JPYXOF=X,JPY/XOF,CCY
JPYTZS=X,JPY/TZS,CCY
JPYAOA=X,JPY/AOA,CCY
JODEUR=X,JOD/EUR,CCY
JPYBBD=X,JPY/BBD,CCY
JPYPAB=X,JPY/PAB,CCY
JPYMYR=X,JPY/MYR,CCY
JPYINR=X,JPY/INR,CCY
JODEGP=X,JOD/EGP,CCY
JPYTND=X,JPY/TND,CCY
JPYLTL=X,JPY/LTL,CCY
JODCHF=X,JOD/CHF,CCY
JPYGNF=X,JPY/GNF,CCY
JPYIDR=X,JPY/IDR,CCY
JPYSTD=X,JPY/STD,CCY
JODTRY=X,JOD/TRY,CCY
JPYBWP=X,JPY/BWP,CCY
JPYGIP=X,JPY/GIP,CCY
JPYANG=X,JPY/ANG,CCY
JPYUZS=X,JPY/UZS,CCY
JODKES=X,JOD/KES,CCY
JPYEGP=X,JPY/EGP,CCY
JPYBSD=X,JPY/BSD,CCY
JPYRSD=X,JPY/RSD,CCY
JPYXDR=X,JPY/XDR,CCY
JODINR=X,JOD/INR,CCY
JPYZAR=X,JPY/ZAR,CCY
JPYJOD=X,JPY/JOD,CCY
JPYAWG=X,JPY/AWG,CCY
JPYXCD=X,JPY/XCD,CCY
JPYMRO=X,JPY/MRO,CCY
JPYMWK=X,JPY/MWK,CCY
JPYSEK=X,JPY/SEK,CCY
JPYTHB=X,JPY/THB,CCY
JODHUF=X,JOD/HUF,CCY
JPYQAR=X,JPY/QAR,CCY
JPYCHF=X,JPY/CHF,CCY
JODIDR=X,JOD/IDR,CCY
JMDDKK=X,JMD/DKK,CCY
JODZAR=X,JOD/ZAR,CCY
JODHKD=X,JOD/HKD,CCY
JODJPY=X,JOD/JPY,CCY
JODAMD=X,JOD/AMD,CCY
JPYPEN=X,JPY/PEN,CCY
JPYLVL=X,JPY/LVL,CCY
JOD=X,USD/JOD,CCY
JODTND=X,JOD/TND,CCY
JPYHRK=X,JPY/HRK,CCY
JPYNPR=X,JPY/NPR,CCY
JPYSCR=X,JPY/SCR,CCY
JODMUR=X,JOD/MUR,CCY
JPYMAD=X,JPY/MAD,CCY
JPYALL=X,JPY/ALL,CCY
JODOMR=X,JOD/OMR,CCY
JPYKYD=X,JPY/KYD,CCY
JPYSDG=X,JPY/SDG,CCY
JPYHUF=X,JPY/HUF,CCY
JPYPGK=X,JPY/PGK,CCY
JPYSAR=X,JPY/SAR,CCY
JPYCOP=X,JPY/COP,CCY
JODSGD=X,JOD/SGD,CCY
JPYARS=X,JPY/ARS,CCY
JODMAD=X,JOD/MAD,CCY
JPYSGD=X,JPY/SGD,CCY
JPYUGX=X,JPY/UGX,CCY
JPYSOS=X,JPY/SOS,CCY
JMDEUR=X,JMD/EUR,CCY
JPYNIO=X,JPY/NIO,CCY
JPYHNL=X,JPY/HNL,CCY
JODUSD=X,JOD/USD,CCY
JPYTWD=X,JPY/TWD,CCY
JPYBAM=X,JPY/BAM,CCY
JPYVEF=X,JPY/VEF,CCY
JPYCUP=X,JPY/CUP,CCY
JPYPHP=X,JPY/PHP,CCY
JODNZD=X,JOD/NZD,CCY
JPYKES=X,JPY/KES,CCY
JPYUYU=X,JPY/UYU,CCY
JPYPLN=X,JPY/PLN,CCY
JPYVND=X,JPY/VND,CCY
JPYGEL=X,JPY/GEL,CCY
JPYLKR=X,JPY/LKR,CCY
JPYDZD=X,JPY/DZD,CCY
KZTDKK=X,KZT/DKK,CCY
KWDTWD=X,KWD/TWD,CCY
KWDSEK=X,KWD/SEK,CCY
KWDPLN=X,KWD/PLN,CCY
KWDPKR=X,KWD/PKR,CCY
KWDCZK=X,KWD/CZK,CCY
KRWPHP=X,KRW/PHP,CCY
KRWLKR=X,KRW/LKR,CCY
KRWJPY=X,KRW/JPY,CCY
KRWISK=X,KRW/ISK,CCY
KGSCHF=X,KGS/CHF,CCY
KESTND=X,KES/TND,CCY
KESSAR=X,KES/SAR,CCY
KESQAR=X,KES/QAR,CCY
KESLVL=X,KES/LVL,CCY
KESHKD=X,KES/HKD,CCY
KESCZK=X,KES/CZK,CCY
KESLKR=X,KES/LKR,CCY
KWDLTL=X,KWD/LTL,CCY
KGSGBP=X,KGS/GBP,CCY
KESJOD=X,KES/JOD,CCY
KWDOMR=X,KWD/OMR,CCY
KWDPHP=X,KWD/PHP,CCY
KRWTWD=X,KRW/TWD,CCY
KWDSAR=X,KWD/SAR,CCY
KRW=X,USD/KRW,CCY
KESZAR=X,KES/ZAR,CCY
KESRUB=X,KES/RUB,CCY
KWDEGP=X,KWD/EGP,CCY
KRWHKD=X,KRW/HKD,CCY
KES=X,USD/KES,CCY
KGSEUR=X,KGS/EUR,CCY
KRWZAR=X,KRW/ZAR,CCY
KESIDR=X,KES/IDR,CCY
KRWDKK=X,KRW/DKK,CCY
KESJPY=X,KES/JPY,CCY
KRWUGX=X,KRW/UGX,CCY
KRWHUF=X,KRW/HUF,CCY
KWDSGD=X,KWD/SGD,CCY
KRWINR=X,KRW/INR,CCY
KRWEGP=X,KRW/EGP,CCY
KESSGD=X,KES/SGD,CCY
KWD=X,USD/KWD,CCY
KESEUR=X,KES/EUR,CCY
KWDJPY=X,KWD/JPY,CCY
KWDMUR=X,KWD/MUR,CCY
KWDCHF=X,KWD/CHF,CCY
KGS=X,USD/KGS,CCY
KWDJOD=X,KWD/JOD,CCY
KWDTHB=X,KWD/THB,CCY
KESEGP=X,KES/EGP,CCY
KESGBP=X,KES/GBP,CCY
KRWBWP=X,KRW/BWP,CCY
KESMXN=X,KES/MXN,CCY
KWDNZD=X,KWD/NZD,CCY
20162407.SW,,
KMF=X,USD/KMF,CCY
KWDISK=X,KWD/ISK,CCY
KESNZD=X,KES/NZD,CCY
KRWMUR=X,KRW/MUR,CCY
KRWMXN=X,KRW/MXN,CCY
KYDUSD=X,KYD/USD,CCY
KWDNOK=X,KWD/NOK,CCY
KESMUR=X,KES/MUR,CCY
KWDHKD=X,KWD/HKD,CCY
KWDMXN=X,KWD/MXN,CCY
KRWMAD=X,KRW/MAD,CCY
KRWKES=X,KRW/KES,CCY
KESNOK=X,KES/NOK,CCY
KWDXDR=X,KWD/XDR,CCY
KRWTHB=X,KRW/THB,CCY
KWDRUB=X,KWD/RUB,CCY
KHR=X,USD/KHR,CCY
KWDINR=X,KWD/INR,CCY
KWDMAD=X,KWD/MAD,CCY
KESTRY=X,KES/TRY,CCY
KESAED=X,KES/AED,CCY
KWDBHD=X,KWD/BHD,CCY
KZT=X,USD/KZT,CCY
KWDRSD=X,KWD/RSD,CCY
KPW=X,USD/KPW,CCY
KESCHF=X,KES/CHF,CCY
KWDGBP=X,KWD/GBP,CCY
KYDEUR=X,KYD/EUR,CCY
KWDZAR=X,KWD/ZAR,CCY
KWDUSD=X,KWD/USD,CCY
KESMAD=X,KES/MAD,CCY
KESTWD=X,KES/TWD,CCY
KYDGBP=X,KYD/GBP,CCY
KESDKK=X,KES/DKK,CCY
KESPHP=X,KES/PHP,CCY
KWDILS=X,KWD/ILS,CCY
KWDTND=X,KWD/TND,CCY
KRWSEK=X,KRW/SEK,CCY
KWDDKK=X,KWD/DKK,CCY
KESAUD=X,KES/AUD,CCY
KWDHUF=X,KWD/HUF,CCY
KWDKES=X,KWD/KES,CCY
KRWRUB=X,KRW/RUB,CCY
KWDAED=X,Kuwaiti Dinar (b) vs UAE Dirham,CCY
KWDCNY=X,KWD/CNY,CCY
KWDEUR=X,KWD/EUR,CCY
KWDIDR=X,KWD/IDR,CCY
KESILS=X,KES/ILS,CCY
KWDTRY=X,KWD/TRY,CCY
KWDCAD=X,KWD/CAD,CCY
KESLTL=X,KES/LTL,CCY
KRWCZK=X,KRW/CZK,CCY
KESUSD=X,KES/USD,CCY
KYDCHF=X,KYD/CHF,CCY
KGSUSD=X,KGS/USD,CCY
KESTHB=X,KES/THB,CCY
KWDLVL=X,KWD/LVL,CCY
KESSEK=X,KES/SEK,CCY
KESPLN=X,KES/PLN,CCY
KRWCNY=X,KRW/CNY,CCY
KWDAUD=X,KWD/AUD,CCY
KESCAD=X,KES/CAD,CCY
KRWPKR=X,KRW/PKR,CCY
KRWIDR=X,KRW/IDR,CCY
KRWNOK=X,KRW/NOK,CCY
20162411.SW,,
KRWGHS=X,KRW/GHS,CCY
KYD=X,USD/KYD,CCY
KRWCRC=X,KRW/CRC,CCY
29134346=X,,
KWDLKR=X,KWD/LKR,CCY
KESKRW=X,KES/KRW,CCY
KESHUF=X,KES/HUF,CCY
KESCNY=X,KES/CNY,CCY
KWDQAR=X,KWD/QAR,CCY
LVLTHB=X,LVL/THB,CCY
LVLSGD=X,LVL/SGD,CCY
LVLSAR=X,LVL/SAR,CCY
LVLPHP=X,LVL/PHP,CCY
LTLTHB=X,LTL/THB,CCY
LTLSGD=X,LTL/SGD,CCY
LTLRUB=X,LTL/RUB,CCY
LTLKRW=X,LTL/KRW,CCY
LTLJOD=X,LTL/JOD,CCY
LTLAED=X,LTL/AED,CCY
LKRUSD=X,LKR/USD,CCY
LKRTHB=X,LKR/THB,CCY
LKRNOK=X,LKR/NOK,CCY
LKRJPY=X,LKR/JPY,CCY
LKRHKD=X,LKR/HKD,CCY
LKRCNY=X,LKR/CNY,CCY
LKRAUD=X,LKR/AUD,CCY
LVLAED=X,LVL/AED,CCY
LSL=X,USD/LSL,CCY
LKRJOD=X,LKR/JOD,CCY
LKR=X,USD/LKR,CCY
LTLPHP=X,LTL/PHP,CCY
LKRHUF=X,LKR/HUF,CCY
LVLKRW=X,LVL/KRW,CCY
LVLIDR=X,LVL/IDR,CCY
LTLLKR=X,LTL/LKR,CCY
LVLHUF=X,LVL/HUF,CCY
LTLKES=X,LTL/KES,CCY
LSLEUR=X,LSL/EUR,CCY
LTLGBP=X,LTL/GBP,CCY
LVLNOK=X,LVL/NOK,CCY
LKRCZK=X,LKR/CZK,CCY
LKRXDR=X,LKR/XDR,CCY
LTLRSD=X,LTL/RSD,CCY
LKRMUR=X,LKR/MUR,CCY
LVLDKK=X,LVL/DKK,CCY
LVLTRY=X,LVL/TRY,CCY
LKRQAR=X,LKR/QAR,CCY
LRD=X,USD/LRD,CCY
LVLZAR=X,LVL/ZAR,CCY
LTLMAD=X,LTL/MAD,CCY
LTLSEK=X,LTL/SEK,CCY
LVLGBP=X,LVL/GBP,CCY
LSLCHF=X,LSL/CHF,CCY
LYDMAD=X,LYD/MAD,CCY
LVLQAR=X,LVL/QAR,CCY
LVLCHF=X,LVL/CHF,CCY
LVLCAD=X,LVL/CAD,CCY
LVLKES=X,LVL/KES,CCY
LTLTRY=X,LTL/TRY,CCY
LTLINR=X,LTL/INR,CCY
LKRNZD=X,LKR/NZD,CCY
LVLEGP=X,LVL/EGP,CCY
LVLAUD=X,LVL/AUD,CCY
LKRTND=X,LKR/TND,CCY
LKRSAR=X,LKR/SAR,CCY
LTLISK=X,LTL/ISK,CCY
LTLCNY=X,LTL/CNY,CCY
LSLGBP=X,LSL/GBP,CCY
LTLHKD=X,LTL/HKD,CCY
LVLRUB=X,LVL/RUB,CCY
LKRZAR=X,LKR/ZAR,CCY
LTLRON=X,LTL/RON,CCY
LTLQAR=X,LTL/QAR,CCY
LVLJPY=X,LVL/JPY,CCY
LBP=X,USD/LBP,CCY
LKRISK=X,LKR/ISK,CCY
LKRTRY=X,LKR/TRY,CCY
LTLBRL=X,LTL/BRL,CCY
LTLAUD=X,LTL/AUD,CCY
LVLILS=X,LVL/ILS,CCY
LVLTND=X,LVL/TND,CCY
LKRTWD=X,LKR/TWD,CCY
LKRPLN=X,LKR/PLN,CCY
LKRLTL=X,LKR/LTL,CCY
LYDCHF=X,LYD/CHF,CCY
LVLMXN=X,LVL/MXN,CCY
LKRAED=X,LKR/AED,CCY
LKRGBP=X,LKR/GBP,CCY
LTLIDR=X,LTL/IDR,CCY
LTLTND=X,LTL/TND,CCY
LTLEGP=X,LTL/EGP,CCY
LYDUSD=X,LYD/USD,CCY
LKRMAD=X,LKR/MAD,CCY
LYDXDR=X,LYD/XDR,CCY
LVLMAD=X,LVL/MAD,CCY
LVLNZD=X,LVL/NZD,CCY
LTLNOK=X,LTL/NOK,CCY
LKRCHF=X,LKR/CHF,CCY
LKRRUB=X,LKR/RUB,CCY
LVLKWD=X,LVL/KWD,CCY
LVLOMR=X,LVL/OMR,CCY
LVLEUR=X,LVL/EUR,CCY
LVLSEK=X,LVL/SEK,CCY
LTLSAR=X,LTL/SAR,CCY
LVLHKD=X,LVL/HKD,CCY
LKRCAD=X,LKR/CAD,CCY
LSLUSD=X,LSL/USD,CCY
LTLOMR=X,LTL/OMR,CCY
LTLMXN=X,LTL/MXN,CCY
LKRKRW=X,LKR/KRW,CCY
LTLTWD=X,LTL/TWD,CCY
LVLLTL=X,LVL/LTL,CCY
LAK=X,USD/LAK,CCY
LKRILS=X,LKR/ILS,CCY
LTLKWD=X,LTL/KWD,CCY
LKRIDR=X,LKR/IDR,CCY
LVLJOD=X,LVL/JOD,CCY
LVLLKR=X,LVL/LKR,CCY
LTL=X,USD/LTL,CCY
LTLILS=X,LTL/ILS,CCY
LTLHUF=X,LTL/HUF,CCY
LKRMXN=X,LKR/MXN,CCY
LTLJPY=X,LTL/JPY,CCY
LKRINR=X,LKR/INR,CCY
LVLISK=X,LVL/ISK,CCY
LVLCNY=X,LVL/CNY,CCY
LTLCHF=X,LTL/CHF,CCY
LTLZAR=X,LTL/ZAR,CCY
LKRKES=X,LKR/KES,CCY
LKREUR=X,LKR/EUR,CCY
LVLUSD=X,LVL/USD,CCY
LTLEUR=X,LTL/EUR,CCY
LVLMUR=X,LVL/MUR,CCY
LKRDKK=X,LKR/DKK,CCY
LKRSEK=X,LKR/SEK,CCY
LKREGP=X,LKR/EGP,CCY
LKRPHP=X,LKR/PHP,CCY
LVLINR=X,LVL/INR,CCY
LTLUSD=X,LTL/USD,CCY
LTLDKK=X,LTL/DKK,CCY
LTLMUR=X,LTL/MUR,CCY
LTLCAD=X,LTL/CAD,CCY
LKRSGD=X,LKR/SGD,CCY
LYD=X,USD/LYD,CCY
LRDUSD=X,LRD/USD,CCY
LTLNZD=X,LTL/NZD,CCY
LTLHRK=X,LTL/HRK,CCY
LVLTWD=X,LVL/TWD,CCY
MYRHKD=X,MYR/HKD,CCY
MXNJPY=X,MXN/JPY,CCY
MYRXDR=X,MYR/XDR,CCY
MYRUSD=X,MYR/USD,CCY
MYRTND=X,MYR/TND,CCY
MYRPHP=X,MYR/PHP,CCY
MYRMAD=X,MYR/MAD,CCY
MYRKWD=X,MYR/KWD,CCY
MYRAUD=X,MYR/AUD,CCY
MYRARS=X,MYR/ARS,CCY
MYR=X,USD/MYR,CCY
MXNXDR=X,MXN/XDR,CCY
MXNUYU=X,MXN/UYU,CCY
MXNSAR=X,MXN/SAR,CCY
MXNPYG=X,MXN/PYG,CCY
MXNPEN=X,MXN/PEN,CCY
MXNLTL=X,MXN/LTL,CCY
MXNKES=X,MXN/KES,CCY
MURMXN=X,MUR/MXN,CCY
MURKES=X,MUR/KES,CCY
MURILS=X,MUR/ILS,CCY
MUREUR=X,MUR/EUR,CCY
MOPUSD=X,MOP/USD,CCY
MOPJPY=X,MOP/JPY,CCY
MADILS=X,MAD/ILS,CCY
MADCNY=X,MAD/CNY,CCY
MADAED=X,MAD/AED,CCY
MADTND=X,MAD/TND,CCY
MVRCHF=X,MVR/CHF,CCY
MVREUR=X,MVR/EUR,CCY
MURLKR=X,MUR/LKR,CCY
29134347=X,,
MXNAED=X,MXN/AED,CCY
MURINR=X,MUR/INR,CCY
MDLCHF=X,MDL/CHF,CCY
MXNUSD=X,MXN/USD,CCY
MURHUF=X,MUR/HUF,CCY
MXNBRL=X,MXN/BRL,CCY
MURSGD=X,MUR/SGD,CCY
MXNCHF=X,MXN/CHF,CCY
MXNBOB=X,MXN/BOB,CCY
MURCZK=X,MUR/CZK,CCY
MADZAR=X,MAD/ZAR,CCY
MXNHKD=X,MXN/HKD,CCY
MYRSGD=X,MYR/SGD,CCY
MOPGBP=X,MOP/GBP,CCY
MADQAR=X,MAD/QAR,CCY
MKDJPY=X,MKD/JPY,CCY
MOP=X,USD/MOP,CCY
MROMAD=X,MRO/MAD,CCY
MRO=X,USD/MRO,CCY
MZNJPY=X,MZN/JPY,CCY
MYRCOP=X,MYR/COP,CCY
MURRUB=X,MUR/RUB,CCY
MURCAD=X,MUR/CAD,CCY
MADJPY=X,MAD/JPY,CCY
MXNCAD=X,MXN/CAD,CCY
MYRBRL=X,MYR/BRL,CCY
MAD=X,USD/MAD,CCY
MADIDR=X,MAD/IDR,CCY
MADEGP=X,MAD/EGP,CCY
MYRBMD=X,MYR/BMD,CCY
MWK=X,USD/MWK,CCY
MYRVEF=X,MYR/VEF,CCY
MXNQAR=X,MXN/QAR,CCY
MURCNY=X,MUR/CNY,CCY
MADMXN=X,MAD/MXN,CCY
MADPHP=X,MAD/PHP,CCY
MXNKWD=X,MXN/KWD,CCY
MKD=X,USD/MKD,CCY
MURPHP=X,MUR/PHP,CCY
MADTWD=X,MAD/TWD,CCY
MYRCHF=X,MYR/CHF,CCY
MADCAD=X,MAD/CAD,CCY
MADLVL=X,MAD/LVL,CCY
MURPLN=X,MUR/PLN,CCY
MNT=X,USD/MNT,CCY
MADLTL=X,MAD/LTL,CCY
MOPCAD=X,MOP/CAD,CCY
MADRUB=X,MAD/RUB,CCY
MXNTND=X,MXN/TND,CCY
MYRCAD=X,MYR/CAD,CCY
MADGBP=X,MAD/GBP,CCY
MURISK=X,MUR/ISK,CCY
MXNTWD=X,MXN/TWD,CCY
MXNEUR=X,MXN/EUR,CCY
MVRGBP=X,MVR/GBP,CCY
MXNLVL=X,MXN/LVL,CCY
MOPCHF=X,MOP/CHF,CCY
MURSAR=X,MUR/SAR,CCY
MDLUSD=X,MDL/USD,CCY
MADHUF=X,MAD/HUF,CCY
MYREUR=X,MYR/EUR,CCY
MYRLBP=X,MYR/LBP,CCY
MURIDR=X,MUR/IDR,CCY
MURDKK=X,MUR/DKK,CCY
MYRIDR=X,MYR/IDR,CCY
MURHKD=X,MUR/HKD,CCY
MYRILS=X,MYR/ILS,CCY
MOPEUR=X,MOP/EUR,CCY
MYRAED=X,MYR/AED,CCY
MADUSD=X,MAD/USD,CCY
MADJOD=X,MAD/JOD,CCY
MURTWD=X,MUR/TWD,CCY
MYRZAR=X,MYR/ZAR,CCY
MURTND=X,MUR/TND,CCY
MXNOMR=X,MXN/OMR,CCY
MOPAUD=X,MOP/AUD,CCY
MXNINR=X,MXN/INR,CCY
MADKWD=X,MAD/KWD,CCY
MURKWD=X,MUR/KWD,CCY
MZNEUR=X,MZN/EUR,CCY
MURAED=X,MUR/AED,CCY
MXNGBP=X,MXN/GBP,CCY
MXNJOD=X,MXN/JOD,CCY
MXNDKK=X,MXN/DKK,CCY
MYRCLP=X,MYR/CLP,CCY
MADEUR=X,MAD/EUR,CCY
MDLGBP=X,MDL/GBP,CCY
MURUSD=X,MUR/USD,CCY
MURMAD=X,MUR/MAD,CCY
MYRINR=X,MYR/INR,CCY
MVR=X,USD/MVR,CCY
MURNZD=X,MUR/NZD,CCY
MXNAUD=X,MXN/AUD,CCY
MXNCLP=X,MXN/CLP,CCY
MYRJPY=X,MYR/JPY,CCY
MURZAR=X,MUR/ZAR,CCY
MADNZD=X,MAD/NZD,CCY
MVRUSD=X,MVR/USD,CCY
MXNPHP=X,MXN/PHP,CCY
MZNCHF=X,MZN/CHF,CCY
MURSEK=X,MUR/SEK,CCY
MURJPY=X,MUR/JPY,CCY
MXNSGD=X,MXN/SGD,CCY
MXNZAR=X,MXN/ZAR,CCY
MXNIDR=X,MXN/IDR,CCY
MYRMXN=X,MYR/MXN,CCY
MXNMUR=X,MXN/MUR,CCY
MYRCNH=X,MYR/CNH,CCY
MURLVL=X,MUR/LVL,CCY
MURLTL=X,MUR/LTL,CCY
MOPSGD=X,MOP/SGD,CCY
MYRRUB=X,MYR/RUB,CCY
MURTRY=X,MUR/TRY,CCY
MUR=X,USD/MUR,CCY
MURJOD=X,MUR/JOD,CCY
MYRNZD=X,MYR/NZD,CCY
MXNHUF=X,MXN/HUF,CCY
MUREGP=X,MUR/EGP,CCY
MOPHKD=X,MOP/HKD,CCY
MURCHF=X,MUR/CHF,CCY
MXNMYR=X,MXN/MYR,CCY
MADSEK=X,MAD/SEK,CCY
OMA.PA,OMA.PA,PAR
MZN=X,USD/MZN,CCY
MYRKRW=X,MYR/KRW,CCY
MMK=X,USD/MMK,CCY
MADCHF=X,MAD/CHF,CCY
MYRNGN=X,MYR/NGN,CCY
MXNEGP=X,MXN/EGP,CCY
MADDKK=X,MAD/DKK,CCY
MXNNZD=X,MXN/NZD,CCY
MADHKD=X,MAD/HKD,CCY
MDL=X,USD/MDL,CCY
MXNVEF=X,MXN/VEF,CCY
MXNSEK=X,MXN/SEK,CCY
MADINR=X,MAD/INR,CCY
MXNTHB=X,MXN/THB,CCY
MURQAR=X,MUR/QAR,CCY
MADKES=X,MAD/KES,CCY
MURNOK=X,MUR/NOK,CCY
MADKRW=X,MAD/KRW,CCY
MURAUD=X,MUR/AUD,CCY
MXV=X,USD/MXV,CCY
MADPLN=X,MAD/PLN,CCY
MADMUR=X,MAD/MUR,CCY
MUROMR=X,MUR/OMR,CCY
MYROMR=X,MYR/OMR,CCY
MADSAR=X,MAD/SAR,CCY
29134348=X,,
MXNLKR=X,MXN/LKR,CCY
MKDEUR=X,MKD/EUR,CCY
MADOMR=X,MAD/OMR,CCY
MXNCZK=X,MXN/CZK,CCY
MXNILS=X,MXN/ILS,CCY
MYRBHD=X,MYR/BHD,CCY
MYRBOB=X,MYR/BOB,CCY
MGA=X,USD/MGA,CCY
MURGBP=X,MUR/GBP,CCY
MYRUYU=X,MYR/UYU,CCY
MYRZWL=X,MYR/ZWL,CCY
MYRTHB=X,MYR/THB,CCY
MURXDR=X,MUR/XDR,CCY
MKDGBP=X,MKD/GBP,CCY
MYRPKR=X,MYR/PKR,CCY
MXNTRY=X,MXN/TRY,CCY
MA.PA,,
MXNKRW=X,MXN/KRW,CCY
MXNPLN=X,MXN/PLN,CCY
MURKRW=X,MUR/KRW,CCY
MZNCAD=X,MZN/CAD,CCY
MYRPEN=X,MYR/PEN,CCY
MXNRUB=X,MXN/RUB,CCY
MADAUD=X,MAD/AUD,CCY
MYRDKK=X,MYR/DKK,CCY
MYREGP=X,MYR/EGP,CCY
MADTRY=X,MAD/TRY,CCY
MXNARS=X,MXN/ARS,CCY
MXNNOK=X,MXN/NOK,CCY
MYRTRY=X,MYR/TRY,CCY
MXNCOP=X,MXN/COP,CCY
MADNOK=X,MAD/NOK,CCY
MADCZK=X,MAD/CZK,CCY
MZNUSD=X,MZN/USD,CCY
MXNMAD=X,MXN/MAD,CCY
MADLKR=X,MAD/LKR,CCY
MXN=X,USD/MXN,CCY
MYRJOD=X,MYR/JOD,CCY
MADSGD=X,MAD/SGD,CCY
MXNISK=X,MXN/ISK,CCY
MADTHB=X,MAD/THB,CCY
MYRSAR=X,MYR/SAR,CCY
MKDUSD=X,MKD/USD,CCY
MYRTWD=X,MYR/TWD,CCY
MXVUSD=X,MXV/USD,CCY
MYRMUR=X,MYR/MUR,CCY
MADISK=X,MAD/ISK,CCY
MXNCNY=X,MXN/CNY,CCY
MYRCNY=X,MYR/CNY,CCY
MZNGBP=X,MZN/GBP,CCY
MXVMXN=X,MXV/MXN,CCY
MDLEUR=X,MDL/EUR,CCY
MURTHB=X,MUR/THB,CCY
NZDUSD=X,NZD/USD,CCY
NZDKRW=X,NZD/KRW,CCY
NZDKES=X,NZD/KES,CCY
NZDEGP=X,NZD/EGP,CCY
NZDCZK=X,NZD/CZK,CCY
NZDCHF=X,NZD/CHF,CCY
NPRUSD=X,NPR/USD,CCY
NPRGBP=X,NPR/GBP,CCY
NOKTND=X,NOK/TND,CCY
NOKMAD=X,NOK/MAD,CCY
NOKLTL=X,NOK/LTL,CCY
NOKIDR=X,NOK/IDR,CCY
NOKEUR=X,NOK/EUR,CCY
NOKEGP=X,NOK/EGP,CCY
NOKCNH=X,NOK/CNH,CCY
NOKCHF=X,NOK/CHF,CCY
NOKBAM=X,NOK/BAM,CCY
NOKAED=X,NOK/AED,CCY
NOK=X,USD/NOK,CCY
NIOUSD=X,NIO/USD,CCY
NADDKK=X,NAD/DKK,CCY
NZDMXN=X,NZD/MXN,CCY
NOKCLP=X,NOK/CLP,CCY
NZDHKD=X,NZD/HKD,CCY
NPRCHF=X,NPR/CHF,CCY
NIOGBP=X,NIO/GBP,CCY
NZDTWD=X,NZD/TWD,CCY
NGN=X,USD/NGN,CCY
29134349=X,,
NOKRSD=X,NOK/RSD,CCY
NIOCHF=X,NIO/CHF,CCY
NPRXDR=X,NPR/XDR,CCY
NOKSAR=X,NOK/SAR,CCY
NOKXDR=X,NOK/XDR,CCY
NADGBP=X,NAD/GBP,CCY
NOKISK=X,NOK/ISK,CCY
NZDCNY=X,NZD/CNY,CCY
NOKDKK=X,NOK/DKK,CCY
NZDEUR=X,NZD/EUR,CCY
NZDSGD=X,NZD/SGD,CCY
NOKPKR=X,NOK/PKR,CCY
NZDMYR=X,NZD/MYR,CCY
NIO=X,USD/NIO,CCY
NZDINR=X,NZD/INR,CCY
NOKJOD=X,NOK/JOD,CCY
NOKCNY=X,NOK/CNY,CCY
NOKOMR=X,NOK/OMR,CCY
NOKBRL=X,NOK/BRL,CCY
NZDHRK=X,NZD/HRK,CCY
NZDOMR=X,NZD/OMR,CCY
NADUSD=X,NAD/USD,CCY
NADZAR=X,NAD/ZAR,CCY
NZDLKR=X,NZD/LKR,CCY
NZDXDR=X,NZD/XDR,CCY
NZDMUR=X,NZD/MUR,CCY
NOKKWD=X,NOK/KWD,CCY
NPR=X,USD/NPR,CCY
NADCHF=X,NAD/CHF,CCY
NZDAUD=X,NZD/AUD,CCY
NADEUR=X,NAD/EUR,CCY
NOKKRW=X,NOK/KRW,CCY
NZDFJD=X,NZD/FJD,CCY
NOKPLN=X,NOK/PLN,CCY
29134350=X,,
NZDBRL=X,NZD/BRL,CCY
NOKRON=X,NOK/RON,CCY
NGNDKK=X,NGN/DKK,CCY
NZDPKR=X,NZD/PKR,CCY
NZDILS=X,NZD/ILS,CCY
NOKTHB=X,NOK/THB,CCY
NZDJOD=X,NZD/JOD,CCY
NOKCZK=X,NOK/CZK,CCY
NZDCNH=X,NZD/CNH,CCY
NOKINR=X,NOK/INR,CCY
NOKHKD=X,NOK/HKD,CCY
NIOEUR=X,NIO/EUR,CCY
NZDLTL=X,NZD/LTL,CCY
NZDPGK=X,NZD/PGK,CCY
NZDQAR=X,NZD/QAR,CCY
NOKUSD=X,NOK/USD,CCY
NZDISK=X,NZD/ISK,CCY
NZDDKK=X,NZD/DKK,CCY
NOKRUB=X,NOK/RUB,CCY
NOKKES=X,NOK/KES,CCY
NZDIDR=X,NZD/IDR,CCY
NZDHUF=X,NZD/HUF,CCY
NAD=X,USD/NAD,CCY
NOKTWD=X,NOK/TWD,CCY
NOKMYR=X,NOK/MYR,CCY
NZDKWD=X,NZD/KWD,CCY
NPREUR=X,NPR/EUR,CCY
29134351=X,,
NOKLKR=X,NOK/LKR,CCY
NZDPLN=X,NZD/PLN,CCY
NZD=X,USD/NZD,CCY
NZDMAD=X,NZD/MAD,CCY
NGNCHF=X,NGN/CHF,CCY
NZDAED=X,NZD/AED,CCY
NGNTHB=X,NGN/THB,CCY
NZDCLP=X,NZD/CLP,CCY
XAG=X,SILVER 1 OZ 999 NY,CCY
NOKHUF=X,NOK/HUF,CCY
NZDRUB=X,NZD/RUB,CCY
NGNZAR=X,NGN/ZAR,CCY
NGNUSD=X,NGN/USD,CCY
NZDRSD=X,NZD/RSD,CCY
NOKILS=X,NOK/ILS,CCY
NZDTHB=X,NZD/THB,CCY
NOKQAR=X,NOK/QAR,CCY
NZDPHP=X,NZD/PHP,CCY
NZDSAR=X,NZD/SAR,CCY
NZDTRY=X,NZD/TRY,CCY
NOKPHP=X,NOK/PHP,CCY
NOKSEK=X,NOK/SEK,CCY
NZDTND=X,NZD/TND,CCY
NOKMXN=X,NOK/MXN,CCY
NOKSGD=X,NOK/SGD,CCY
NOKMUR=X,NOK/MUR,CCY
NZDLVL=X,NZD/LVL,CCY
NOKTRY=X,NOK/TRY,CCY
NZDUAH=X,NZD/UAH,CCY
OMRSEK=X,OMR/SEK,CCY
OMRPLN=X,OMR/PLN,CCY
OMRKES=X,OMR/KES,CCY
OMRISK=X,OMR/ISK,CCY
OMRILS=X,OMR/ILS,CCY
OMRHUF=X,OMR/HUF,CCY
OMRDKK=X,OMR/DKK,CCY
OMRCAD=X,OMR/CAD,CCY
OMRPHP=X,OMR/PHP,CCY
OMRTRY=X,OMR/TRY,CCY
OMRAUD=X,OMR/AUD,CCY
OMRKWD=X,OMR/KWD,CCY
274720=X,,
OMREUR=X,OMR/EUR,CCY
OMREGP=X,OMR/EGP,CCY
OMRHKD=X,OMR/HKD,CCY
OMRJOD=X,OMR/JOD,CCY
OMRINR=X,OMR/INR,CCY
OMRSGD=X,OMR/SGD,CCY
OMRCZK=X,OMR/CZK,CCY
OMRXDR=X,OMR/XDR,CCY
OMRTHB=X,OMR/THB,CCY
OMRSAR=X,OMR/SAR,CCY
OMRNOK=X,OMR/NOK,CCY
OMRIDR=X,OMR/IDR,CCY
OSFX.EX,,
OMRTND=X,OMR/TND,CCY
OMRMUR=X,OMR/MUR,CCY
OMRLTL=X,OMR/LTL,CCY
OMRPKR=X,OMR/PKR,CCY
OMRBHD=X,OMR/BHD,CCY
OMRAED=X,OMR/AED,CCY
OMRZAR=X,OMR/ZAR,CCY
OMRKRW=X,OMR/KRW,CCY
OMRNZD=X,OMR/NZD,CCY
OMRJPY=X,OMR/JPY,CCY
OMRCNY=X,OMR/CNY,CCY
OMRRUB=X,OMR/RUB,CCY
OMRMXN=X,OMR/MXN,CCY
OMRUSD=X,OMR/USD,CCY
OMR=X,USD/OMR,CCY
OMRLVL=X,OMR/LVL,CCY
OMRTWD=X,OMR/TWD,CCY
OMRLKR=X,OMR/LKR,CCY
OCUF.EX,,
OMRGBP=X,OMR/GBP,CCY
OMRCHF=X,OMR/CHF,CCY
OMRMAD=X,OMR/MAD,CCY
OMRQAR=X,OMR/QAR,CCY
PLNTRY=X,PLN/TRY,CCY
PLNSAR=X,PLN/SAR,CCY
PLNHUF=X,PLN/HUF,CCY
PKRZAR=X,PKR/ZAR,CCY
PKRNOK=X,PKR/NOK,CCY
PKRCAD=X,PKR/CAD,CCY
PHPISK=X,PHP/ISK,CCY
PHPILS=X,PHP/ILS,CCY
PHP=X,USD/PHP,CCY
PLNLBP=X,PLN/LBP,CCY
287635=X,,
PENBOB=X,PEN/BOB,CCY
PLNUYU=X,PLN/UYU,CCY
PGKUSD=X,PGK/USD,CCY
PENBRL=X,PEN/BRL,CCY
29134353=X,,
PLNVEF=X,PLN/VEF,CCY
PENUYU=X,PEN/UYU,CCY
PLNXDR=X,PLN/XDR,CCY
PENDKK=X,PEN/DKK,CCY
PENTHB=X,PEN/THB,CCY
PENCLP=X,PEN/CLP,CCY
PLNCOP=X,PLN/COP,CCY
PLNCZK=X,PLN/CZK,CCY
PHPTND=X,PHP/TND,CCY
PHPUSD=X,PHP/USD,CCY
11729129=X,,
PLNCHF=X,PLN/CHF,CCY
PKREUR=X,PKR/EUR,CCY
PGKHKD=X,PGK/HKD,CCY
PHPHUF=X,PHP/HUF,CCY
PHPKRW=X,PHP/KRW,CCY
PLNEGP=X,PLN/EGP,CCY
PKRTHB=X,PKR/THB,CCY
PHPMYR=X,PHP/MYR,CCY
PHPTRY=X,PHP/TRY,CCY
PLNZAR=X,PLN/ZAR,CCY
PLNMYR=X,PLN/MYR,CCY
PGK=X,USD/PGK,CCY
PLNINR=X,PLN/INR,CCY
PHPPKR=X,PHP/PKR,CCY
PABCAD=X,PAB/CAD,CCY
PHPTWD=X,PHP/TWD,CCY
PLNVUV=X,PLN/VUV,CCY
PLNHKD=X,PLN/HKD,CCY
PHPLVL=X,PHP/LVL,CCY
PHPEUR=X,PHP/EUR,CCY
PHPCNY=X,PHP/CNY,CCY
PLNUSD=X,PLN/USD,CCY
PLNBMD=X,PLN/BMD,CCY
PGKDKK=X,PGK/DKK,CCY
PENGBP=X,PEN/GBP,CCY
PLNCNY=X,PLN/CNY,CCY
PABUSD=X,PAB/USD,CCY
PLNRON=X,PLN/RON,CCY
PENCHF=X,PEN/CHF,CCY
PENVEF=X,PEN/VEF,CCY
PLNKRW=X,PLN/KRW,CCY
PLNPHP=X,PLN/PHP,CCY
PKRHKD=X,PKR/HKD,CCY
PHPDKK=X,PHP/DKK,CCY
PKRQAR=X,PKR/QAR,CCY
PGKEUR=X,PGK/EUR,CCY
PEN=X,USD/PEN,CCY
PENCOP=X,PEN/COP,CCY
PKRSGD=X,PKR/SGD,CCY
PKRXDR=X,PKR/XDR,CCY
PHPLTL=X,PHP/LTL,CCY
PLNQAR=X,PLN/QAR,CCY
PABEUR=X,PAB/EUR,CCY
PHPMUR=X,PHP/MUR,CCY
PLNMUR=X,PLN/MUR,CCY
PYGCOP=X,PYG/COP,CCY
PLNKWD=X,PLN/KWD,CCY
PHPJPY=X,PHP/JPY,CCY
PLN=X,USD/PLN,CCY
PLNTHB=X,PLN/THB,CCY
PHPMAD=X,PHP/MAD,CCY
PHPVND=X,PHP/VND,CCY
PLNPKR=X,PLN/PKR,CCY
PLNEUR=X,PLN/EUR,CCY
PLNRUB=X,PLN/RUB,CCY
PLNBDT=X,PLN/BDT,CCY
PENEUR=X,PEN/EUR,CCY
PLNAED=X,PLN/AED,CCY
PHPSAR=X,PHP/SAR,CCY
PHPRUB=X,PHP/RUB,CCY
19753805.SW,19753805.SW,EBS
PLNOMR=X,PLN/OMR,CCY
PHPMXN=X,PHP/MXN,CCY
PLNJOD=X,PLN/JOD,CCY
PKRVND=X,PKR/VND,CCY
PHPNOK=X,PHP/NOK,CCY
PABCHF=X,PAB/CHF,CCY
PLNZWL=X,PLN/ZWL,CCY
PLNNZD=X,PLN/NZD,CCY
PKRAUD=X,PKR/AUD,CCY
PHPCAD=X,PHP/CAD,CCY
29134354=X,,
PLNILS=X,PLN/ILS,CCY
PHPNZD=X,PHP/NZD,CCY
PENMXN=X,PEN/MXN,CCY
PHPEGP=X,PHP/EGP,CCY
PHPJOD=X,PHP/JOD,CCY
PLNNGN=X,PLN/NGN,CCY
PKRUSD=X,PKR/USD,CCY
PLNTND=X,PLN/TND,CCY
PHPQAR=X,PHP/QAR,CCY
PYG=X,USD/PYG,CCY
PLNCAD=X,PLN/CAD,CCY
PGKGBP=X,PGK/GBP,CCY
PLNISK=X,PLN/ISK,CCY
PHPTHB=X,PHP/THB,CCY
PENARS=X,PEN/ARS,CCY
PLNSGD=X,PLN/SGD,CCY
PKRGBP=X,PKR/GBP,CCY
PENUSD=X,PEN/USD,CCY
PHPCZK=X,PHP/CZK,CCY
19753825.SW,19753825.SW,EBS
PLNBOB=X,PLN/BOB,CCY
PLNCLP=X,PLN/CLP,CCY
PLNDKK=X,PLN/DKK,CCY
PHPIDR=X,PHP/IDR,CCY
283501=X,,
PKRPHP=X,PKR/PHP,CCY
PABGBP=X,PAB/GBP,CCY
PKRKRW=X,PKR/KRW,CCY
PABDKK=X,PAB/DKK,CCY
PYGCLP=X,PYG/CLP,CCY
PHPPLN=X,PHP/PLN,CCY
PLNIDR=X,PLN/IDR,CCY
PLNLTL=X,PLN/LTL,CCY
PENCAD=X,PEN/CAD,CCY
PLNPGK=X,PLN/PGK,CCY
PHPHKD=X,PHP/HKD,CCY
PGKCHF=X,PGK/CHF,CCY
PHPSEK=X,PHP/SEK,CCY
PLNNOK=X,PLN/NOK,CCY
PHPZAR=X,PHP/ZAR,CCY
PKRAED=X,PKR/AED,CCY
PKRINR=X,PKR/INR,CCY
PLNRSD=X,PLN/RSD,CCY
PLNTWD=X,PLN/TWD,CCY
PKRJPY=X,PKR/JPY,CCY
PKRDKK=X,PKR/DKK,CCY
287639=X,,
PKREGP=X,PKR/EGP,CCY
PHPOMR=X,PHP/OMR,CCY
PENPYG=X,PEN/PYG,CCY
PLNMAD=X,PLN/MAD,CCY
PLNBHD=X,PLN/BHD,CCY
PLNMXN=X,PLN/MXN,CCY
PLNLKR=X,PLN/LKR,CCY
PYGUYU=X,PYG/UYU,CCY
PLNGBP=X,PLN/GBP,CCY
PLNPEN=X,PLN/PEN,CCY
PHPLKR=X,PHP/LKR,CCY
PLNKES=X,PLN/KES,CCY
PLNAUD=X,PLN/AUD,CCY
PKR=X,USD/PKR,CCY
PLNBND=X,PLN/BND,CCY
PHPSGD=X,PHP/SGD,CCY
PLNJPY=X,PLN/JPY,CCY
PLNBRL=X,PLN/BRL,CCY
PHPCHF=X,PHP/CHF,CCY
PHPINR=X,PHP/INR,CCY
PAB=X,USD/PAB,CCY
PHPKES=X,PHP/KES,CCY
PHPGBP=X,PHP/GBP,CCY
PKRCHF=X,PKR/CHF,CCY
PLNARS=X,PLN/ARS,CCY
PHPKWD=X,PHP/KWD,CCY
287642=X,,
PHPAUD=X,PHP/AUD,CCY
PHPAED=X,PHP/AED,CCY
SEKEUR=X,SEK/EUR,CCY
QARZAR=X,QAR/ZAR,CCY
QARTND=X,QAR/TND,CCY
QARPLN=X,QAR/PLN,CCY
QARKES=X,QAR/KES,CCY
QARINR=X,QAR/INR,CCY
QARIDR=X,QAR/IDR,CCY
QAR=X,USD/QAR,CCY
QARNOK=X,QAR/NOK,CCY
QARSGD=X,QAR/SGD,CCY
QARAED=X,QAR/AED,CCY
QARDKK=X,QAR/DKK,CCY
QARHKD=X,QAR/HKD,CCY
QARLKR=X,QAR/LKR,CCY
QARKWD=X,QAR/KWD,CCY
QAROMR=X,QAR/OMR,CCY
QARISK=X,QAR/ISK,CCY
QARTHB=X,QAR/THB,CCY
QARNZD=X,QAR/NZD,CCY
QARTWD=X,QAR/TWD,CCY
QARRUB=X,QAR/RUB,CCY
QARTRY=X,QAR/TRY,CCY
QARKRW=X,QAR/KRW,CCY
QARILS=X,QAR/ILS,CCY
QARPKR=X,QAR/PKR,CCY
QARSAR=X,QAR/SAR,CCY
QARCAD=X,QAR/CAD,CCY
QARMXN=X,QAR/MXN,CCY
QARCNY=X,QAR/CNY,CCY
QARPHP=X,QAR/PHP,CCY
QARXDR=X,QAR/XDR,CCY
QARAUD=X,QAR/AUD,CCY
QARCHF=X,QAR/CHF,CCY
QARLTL=X,QAR/LTL,CCY
QARUSD=X,QAR/USD,CCY
QARSEK=X,QAR/SEK,CCY
QARCZK=X,QAR/CZK,CCY
QARMAD=X,QAR/MAD,CCY
QAREUR=X,QAR/EUR,CCY
QARJOD=X,QAR/JOD,CCY
QARMUR=X,QAR/MUR,CCY
QARGBP=X,QAR/GBP,CCY
QARBHD=X,QAR/BHD,CCY
QARJPY=X,QAR/JPY,CCY
QARLVL=X,QAR/LVL,CCY
QAREGP=X,QAR/EGP,CCY
QARHUF=X,QAR/HUF,CCY
RUBUSD=X,RUB/USD,CCY
RUBNOK=X,RUB/NOK,CCY
RUBMXN=X,RUB/MXN,CCY
RUBILS=X,RUB/ILS,CCY
RUBGBP=X,RUB/GBP,CCY
RUB=X,USD/RUB,CCY
RONEUR=X,RON/EUR,CCY
RONDKK=X,RON/DKK,CCY
RON=X,USD/RON,CCY
RUBKES=X,RUB/KES,CCY
RONCZK=X,RON/CZK,CCY
RSDCHF=X,RSD/CHF,CCY
RONRSD=X,RON/RSD,CCY
RONSGD=X,RON/SGD,CCY
RUBCZK=X,RUB/CZK,CCY
RONPLN=X,RON/PLN,CCY
RUBAZN=X,RUB/AZN,CCY
RONNZD=X,RON/NZD,CCY
RUBTJS=X,RUB/TJS,CCY
RUBEUR=X,RUB/EUR,CCY
RUBSGD=X,RUB/SGD,CCY
RUBDKK=X,RUB/DKK,CCY
RONCNY=X,RON/CNY,CCY
RSDGBP=X,RSD/GBP,CCY
RUBKZT=X,RUB/KZT,CCY
RSDCAD=X,RSD/CAD,CCY
RUBQAR=X,RUB/QAR,CCY
RUBMAD=X,RUB/MAD,CCY
RUBTWD=X,RUB/TWD,CCY
RUBISK=X,RUB/ISK,CCY
RONAED=X,RON/AED,CCY
RONHRK=X,RON/HRK,CCY
RONILS=X,RON/ILS,CCY
RONLTL=X,RON/LTL,CCY
RONTRY=X,RON/TRY,CCY
RONCAD=X,RON/CAD,CCY
RUBEGP=X,RUB/EGP,CCY
RUBCHF=X,RUB/CHF,CCY
RUBTND=X,RUB/TND,CCY
RONINR=X,RON/INR,CCY
RUBJPY=X,RUB/JPY,CCY
RONKRW=X,RON/KRW,CCY
RUBMDL=X,RUB/MDL,CCY
RUBAED=X,RUB/AED,CCY
RONCHF=X,RON/CHF,CCY
RUBPLN=X,RUB/PLN,CCY
RONUSD=X,RON/USD,CCY
RUBNZD=X,RUB/NZD,CCY
RONRUB=X,RON/RUB,CCY
RONUAH=X,RON/UAH,CCY
RUBINR=X,RUB/INR,CCY
RSDUSD=X,RSD/USD,CCY
RUBKGS=X,RUB/KGS,CCY
RSDDKK=X,RSD/DKK,CCY
RONTHB=X,RON/THB,CCY
RUBUZS=X,RUB/UZS,CCY
RUBTHB=X,RUB/THB,CCY
RSD=X,USD/RSD,CCY
RUBTMT=X,RUB/TMT,CCY
RUBLTL=X,RUB/LTL,CCY
RUBAMD=X,RUB/AMD,CCY
RUBPHP=X,RUB/PHP,CCY
RSDEUR=X,RSD/EUR,CCY
RONAUD=X,RON/AUD,CCY
RUBMYR=X,RUB/MYR,CCY
RUBHKD=X,RUB/HKD,CCY
RUBHUF=X,RUB/HUF,CCY
RONNOK=X,RON/NOK,CCY
RUBBYR=X,RUB/BYR,CCY
RONSEK=X,RON/SEK,CCY
RUBKRW=X,RUB/KRW,CCY
RONHKD=X,RON/HKD,CCY
RUBSEK=X,RUB/SEK,CCY
RONZAR=X,RON/ZAR,CCY
RONKWD=X,RON/KWD,CCY
RONJPY=X,RON/JPY,CCY
RONBRL=X,RON/BRL,CCY
RUBMUR=X,RUB/MUR,CCY
RUBIDR=X,RUB/IDR,CCY
RUBCAD=X,RUB/CAD,CCY
RUBZAR=X,RUB/ZAR,CCY
RUBJOD=X,RUB/JOD,CCY
RUBTRY=X,RUB/TRY,CCY
RUBSAR=X,RUB/SAR,CCY
RWF=X,USD/RWF,CCY
RUBAUD=X,RUB/AUD,CCY
RUBBRL=X,RUB/BRL,CCY
RONGBP=X,RON/GBP,CCY
RUBLKR=X,RUB/LKR,CCY
RUBOMR=X,RUB/OMR,CCY
RUBCNY=X,RUB/CNY,CCY
SZLGBP=X,SZL/GBP,CCY
SZLCHF=X,SZL/CHF,CCY
SYP=X,USD/SYP,CCY
SLL=X,USD/SLL,CCY
SGDMYR=X,SGD/MYR,CCY
SGDMAD=X,SGD/MAD,CCY
SGDINR=X,SGD/INR,CCY
SGDHKD=X,SGD/HKD,CCY
SGDGHS=X,SGD/GHS,CCY
SGDCZK=X,SGD/CZK,CCY
SGDCLP=X,SGD/CLP,CCY
SEKUSD=X,SEK/USD,CCY
SEKMAD=X,SEK/MAD,CCY
SEKLTL=X,SEK/LTL,CCY
SEKHUF=X,SEK/HUF,CCY
SEKGBP=X,SEK/GBP,CCY
SEKDKK=X,SEK/DKK,CCY
SEKBGN=X,SEK/BGN,CCY
SARZAR=X,SAR/ZAR,CCY
SARCZK=X,SAR/CZK,CCY
SGDOMR=X,SGD/OMR,CCY
SARPLN=X,SAR/PLN,CCY
SGDBHD=X,SGD/BHD,CCY
SGDCNY=X,SGD/CNY,CCY
19753421.SW,,
19754120.SW,19754120.SW,EBS
SARMUR=X,SAR/MUR,CCY
SARPHP=X,SAR/PHP,CCY
SEKKWD=X,SEK/KWD,CCY
SYPHKD=X,SYP/HKD,CCY
SARNZD=X,SAR/NZD,CCY
19754264.SW,19754264.SW,EBS
SARPKR=X,SAR/PKR,CCY
SGDMXN=X,SGD/MXN,CCY
SGDKRW=X,SGD/KRW,CCY
SARCHF=X,SAR/CHF,CCY
SCRDKK=X,SCR/DKK,CCY
SARCAD=X,SAR/CAD,CCY
SCRGBP=X,SCR/GBP,CCY
29134357=X,,
SARNOK=X,SAR/NOK,CCY
19753561.SW,,
SGDZAR=X,SGD/ZAR,CCY
SBDEUR=X,SBD/EUR,CCY
SGDBMD=X,SGD/BMD,CCY
SGDRUB=X,SGD/RUB,CCY
SGDBDT=X,SGD/BDT,CCY
SGDVND=X,SGD/VND,CCY
SARTHB=X,SAR/THB,CCY
SGDPLN=X,SGD/PLN,CCY
SDGEUR=X,SDG/EUR,CCY
SARAED=X,SAR/AED,CCY
SEKXDR=X,SEK/XDR,CCY
19753442.SW,19753442.SW,EBS
SARIDR=X,SAR/IDR,CCY
SEKSAR=X,SEK/SAR,CCY
SVCGBP=X,SVC/GBP,CCY
SEKTHB=X,SEK/THB,CCY
SARLVL=X,SAR/LVL,CCY
SEKKPW=X,SEK/KPW,CCY
SARINR=X,SAR/INR,CCY
SGDAED=X,SGD/AED,CCY
SGDBRL=X,SGD/BRL,CCY
SEKBWP=X,SEK/BWP,CCY
SGDXDR=X,SGD/XDR,CCY
SEKRON=X,SEK/RON,CCY
SEKTRY=X,SEK/TRY,CCY
SRDCHF=X,SRD/CHF,CCY
SAR=X,USD/SAR,CCY
SGDJOD=X,SGD/JOD,CCY
SCRUSD=X,SCR/USD,CCY
SGDISK=X,SGD/ISK,CCY
SEKKES=X,SEK/KES,CCY
SAREGP=X,SAR/EGP,CCY
19753424.SW,,
SZLUSD=X,SZL/USD,CCY
SGDAUD=X,SGD/AUD,CCY
SGDNGN=X,SGD/NGN,CCY
SBDGBP=X,SBD/GBP,CCY
SHP=X,USD/SHP,CCY
SEK=X,USD/SEK,CCY
SEKCAD=X,SEK/CAD,CCY
19838326.SW,19838326.SW,EBS
SBDCHF=X,SBD/CHF,CCY
SZLEUR=X,SZL/EUR,CCY
SARQAR=X,SAR/QAR,CCY
SYPCHF=X,SYP/CHF,CCY
SEKMUR=X,SEK/MUR,CCY
STD=X,USD/STD,CCY
SARMAD=X,SAR/MAD,CCY
SEKRUB=X,SEK/RUB,CCY
SGDMOP=X,SGD/MOP,CCY
19753443.SW,,
SGDUGX=X,SGD/UGX,CCY
SGDPEN=X,SGD/PEN,CCY
SARUSD=X,SAR/USD,CCY
SGDHUF=X,SGD/HUF,CCY
SGDCHF=X,SGD/CHF,CCY
SEKTWD=X,SEK/TWD,CCY
SARTWD=X,SAR/TWD,CCY
SEKCHF=X,SEK/CHF,CCY
SEKCNY=X,SEK/CNY,CCY
SCR=X,USD/SCR,CCY
19838330.SW,,
SGDZWL=X,SGD/ZWL,CCY
SARILS=X,SAR/ILS,CCY
SEKCNH=X,SEK/CNH,CCY
10366999.EX,10366999.EX,EUX
SGDCAD=X,SGD/CAD,CCY
SARKRW=X,SAR/KRW,CCY
SEKJPY=X,SEK/JPY,CCY
SGDPHP=X,SGD/PHP,CCY
SEKTND=X,SEK/TND,CCY
19753566.SW,19753566.SW,EBS
SGDQAR=X,SGD/QAR,CCY
SEKRSD=X,SEK/RSD,CCY
SEKCLP=X,SEK/CLP,CCY
SEKSGD=X,SEK/SGD,CCY
SGDBGN=X,SGD/BGN,CCY
SEKKRW=X,SEK/KRW,CCY
SARGBP=X,SAR/GBP,CCY
SGDBWP=X,SGD/BWP,CCY
SVCUSD=X,SVC/USD,CCY
SGDLBP=X,SGD/LBP,CCY
SEKISK=X,SEK/ISK,CCY
29134356=X,,
SEKJMD=X,SEK/JMD,CCY
SARISK=X,SAR/ISK,CCY
SGDEGP=X,SGD/EGP,CCY
SIT=X,USD/SIT,CCY
SDGGBP=X,SDG/GBP,CCY
SOS=X,USD/SOS,CCY
SGDMUR=X,SGD/MUR,CCY
19753568.SW,19753568.SW,EBS
SARLKR=X,SAR/LKR,CCY
SGDPKR=X,SGD/PKR,CCY
SARHUF=X,SAR/HUF,CCY
SARBHD=X,SAR/BHD,CCY
29134355=X,,
SEKQAR=X,SEK/QAR,CCY
SARJPY=X,SAR/JPY,CCY
SARCNY=X,SAR/CNY,CCY
SEKILS=X,SEK/ILS,CCY
SARXDR=X,SAR/XDR,CCY
SARKWD=X,SAR/KWD,CCY
SARDKK=X,SAR/DKK,CCY
SRDUSD=X,SRD/USD,CCY
SRDEUR=X,SRD/EUR,CCY
SARSEK=X,SAR/SEK,CCY
SBDUSD=X,SBD/USD,CCY
SGDKWD=X,SGD/KWD,CCY
SEKAED=X,SEK/AED,CCY
SEKINR=X,SEK/INR,CCY
SGDTWD=X,SGD/TWD,CCY
19753440.SW,,
SARSGD=X,SAR/SGD,CCY
SGDARS=X,SGD/ARS,CCY
SHPCHF=X,SHP/CHF,CCY
SEKGIP=X,SEK/GIP,CCY
SARTRY=X,SAR/TRY,CCY
SYPSGD=X,SYP/SGD,CCY
SEKANG=X,SEK/ANG,CCY
SARLTL=X,SAR/LTL,CCY
SEKBAM=X,SEK/BAM,CCY
SYPQAR=X,SYP/QAR,CCY
SYPDKK=X,SYP/DKK,CCY
SGDCNH=X,SGD/CNH,CCY
SEKMYR=X,SEK/MYR,CCY
SGD=X,USD/SGD,CCY
SEKMXN=X,SEK/MXN,CCY
SGDUYU=X,SGD/UYU,CCY
SARHKD=X,SAR/HKD,CCY
SARAUD=X,SAR/AUD,CCY
SGDILS=X,SGD/ILS,CCY
SEKEGP=X,SEK/EGP,CCY
SZL=X,USD/SZL,CCY
SEKPKR=X,SEK/PKR,CCY
SGDLTL=X,SGD/LTL,CCY
SHPUSD=X,SHP/USD,CCY
19754261.SW,19754261.SW,EBS
SCRCHF=X,SCR/CHF,CCY
SARTND=X,SAR/TND,CCY
SEKAMD=X,SEK/AMD,CCY
SEKPLN=X,SEK/PLN,CCY
SGDBOB=X,SGD/BOB,CCY
SDGUSD=X,SDG/USD,CCY
SRDGBP=X,SRD/GBP,CCY
SEKLKR=X,SEK/LKR,CCY
SGDTHB=X,SGD/THB,CCY
SAROMR=X,SAR/OMR,CCY
SEKBRL=X,SEK/BRL,CCY
SARJOD=X,SAR/JOD,CCY
SGDVEF=X,SGD/VEF,CCY
SBD=X,USD/SBD,CCY
19753564.SW,,
SEKHKD=X,SEK/HKD,CCY
SVC=X,USD/SVC,CCY
SGDJPY=X,SGD/JPY,CCY
SEKIDR=X,SEK/IDR,CCY
SVCEUR=X,SVC/EUR,CCY
SGDTRY=X,SGD/TRY,CCY
SGDLKR=X,SGD/LKR,CCY
10367025.EX,,
SEKCZK=X,SEK/CZK,CCY
SARRUB=X,SAR/RUB,CCY
SGDEUR=X,SGD/EUR,CCY
SGDUSD=X,SGD/USD,CCY
SGDSAR=X,SGD/SAR,CCY
SGDCOP=X,SGD/COP,CCY
SARKES=X,SAR/KES,CCY
SEKPHP=X,SEK/PHP,CCY
SCREUR=X,SCR/EUR,CCY
SYPUSD=X,SYP/USD,CCY
SRD=X,USD/SRD,CCY
SVCCHF=X,SVC/CHF,CCY
SEKOMR=X,SEK/OMR,CCY
SEKJOD=X,SEK/JOD,CCY
SGDNZD=X,SGD/NZD,CCY
10366938.EX,10366938.EX,EUX
SARMXN=X,SAR/MXN,CCY
SGDKES=X,SGD/KES,CCY
SGDTND=X,SGD/TND,CCY
SGDIDR=X,SGD/IDR,CCY
SAREUR=X,SAR/EUR,CCY
SDG=X,USD/SDG,CCY
SGDDKK=X,SGD/DKK,CCY
SDGCHF=X,SDG/CHF,CCY
TWDUSD=X,TWD/USD,CCY
TWDSGD=X,TWD/SGD,CCY
TWDMAD=X,TWD/MAD,CCY
TWDKRW=X,TWD/KRW,CCY
TWDJOD=X,TWD/JOD,CCY
TWDILS=X,TWD/ILS,CCY
TWDCNH=X,TWD/CNH,CCY
TRYUSD=X,TRY/USD,CCY
TRYMAD=X,TRY/MAD,CCY
TRYLKR=X,TRY/LKR,CCY
TRYKWD=X,TRY/KWD,CCY
TRYKES=X,TRY/KES,CCY
TRYJPY=X,TRY/JPY,CCY
TRYGBP=X,TRY/GBP,CCY
TRYEUR=X,TRY/EUR,CCY
TRYBRL=X,TRY/BRL,CCY
TOPEUR=X,TOP/EUR,CCY
TNDSEK=X,TND/SEK,CCY
TNDRUB=X,TND/RUB,CCY
TNDLVL=X,TND/LVL,CCY
TNDISK=X,TND/ISK,CCY
TNDDKK=X,TND/DKK,CCY
TNDCZK=X,TND/CZK,CCY
THBTWD=X,THB/TWD,CCY
THBTRY=X,THB/TRY,CCY
THBSGD=X,THB/SGD,CCY
THBNGN=X,THB/NGN,CCY
THBEUR=X,THB/EUR,CCY
THBDKK=X,THB/DKK,CCY
THBCHF=X,THB/CHF,CCY
TJSUSD=X,TJS/USD,CCY
TNDPHP=X,TND/PHP,CCY
THBAUD=X,THB/AUD,CCY
TNDAUD=X,TND/AUD,CCY
TWDSAR=X,TWD/SAR,CCY
TNDLKR=X,TND/LKR,CCY
TTDCAD=X,TTD/CAD,CCY
TNDEGP=X,TND/EGP,CCY
THBISK=X,THB/ISK,CCY
TWD=X,USD/TWD,CCY
TWDCNY=X,TWD/CNY,CCY
TRYDKK=X,TRY/DKK,CCY
TNDCAD=X,TND/CAD,CCY
THBLTL=X,THB/LTL,CCY
TNDSAR=X,TND/SAR,CCY
THBIDR=X,THB/IDR,CCY
TRYILS=X,TRY/ILS,CCY
TRYAED=X,TRY/AED,CCY
TNDILS=X,TND/ILS,CCY
TWDKES=X,TWD/KES,CCY
THBEGP=X,THB/EGP,CCY
TWDMXN=X,TWD/MXN,CCY
TWDLTL=X,TWD/LTL,CCY
THBKRW=X,THB/KRW,CCY
TRYZAR=X,TRY/ZAR,CCY
TWDLKR=X,TWD/LKR,CCY
THBLBP=X,THB/LBP,CCY
THBPHP=X,THB/PHP,CCY
TRYINR=X,TRY/INR,CCY
TWDGBP=X,TWD/GBP,CCY
THBNZD=X,THB/NZD,CCY
TZS=X,USD/TZS,CCY
THBOMR=X,THB/OMR,CCY
TTDCHF=X,TTD/CHF,CCY
TNDTWD=X,TND/TWD,CCY
TNDTHB=X,TND/THB,CCY
TNDJOD=X,TND/JOD,CCY
29134359=X,,
THBCAD=X,THB/CAD,CCY
TTDGBP=X,TTD/GBP,CCY
TRYCHF=X,TRY/CHF,CCY
TWDHKD=X,TWD/HKD,CCY
TRYTWD=X,TRY/TWD,CCY
TMT=X,USD/TMT,CCY
TWDNZD=X,TWD/NZD,CCY
THBAED=X,THB/AED,CCY
TMTCHF=X,TMT/CHF,CCY
THBRUB=X,THB/RUB,CCY
THBVEF=X,THB/VEF,CCY
TNDLTL=X,TND/LTL,CCY
TWDHUF=X,TWD/HUF,CCY
TRYCNY=X,TRY/CNY,CCY
TWDAUD=X,TWD/AUD,CCY
TNDIDR=X,TND/IDR,CCY
TWDMYR=X,TWD/MYR,CCY
THBZWL=X,THB/ZWL,CCY
TNDNZD=X,TND/NZD,CCY
TTD=X,USD/TTD,CCY
THBBRL=X,THB/BRL,CCY
THBKWD=X,THB/KWD,CCY
TWDAED=X,TWD/AED,CCY
TRYOMR=X,TRY/OMR,CCY
TNDZAR=X,TND/ZAR,CCY
THBPLN=X,THB/PLN,CCY
THBCOP=X,THB/COP,CCY
TWDISK=X,TWD/ISK,CCY
TRYCAD=X,TRY/CAD,CCY
TRYNOK=X,TRY/NOK,CCY
THBBMD=X,THB/BMD,CCY
TWDIDR=X,TWD/IDR,CCY
TWDKWD=X,TWD/KWD,CCY
THBQAR=X,THB/QAR,CCY
TRYLVL=X,TRY/LVL,CCY
TMTUSD=X,TMT/USD,CCY
TNDHUF=X,TND/HUF,CCY
THBBOB=X,THB/BOB,CCY
THBMXN=X,THB/MXN,CCY
TNDAED=X,TND/AED,CCY
TRYTHB=X,TRY/THB,CCY
TRYAUD=X,TRY/AUD,CCY
TTDXDR=X,TTD/XDR,CCY
TWDQAR=X,TWD/QAR,CCY
TRYEGP=X,TRY/EGP,CCY
THBPKR=X,THB/PKR,CCY
THBSEK=X,THB/SEK,CCY
TNDKWD=X,TND/KWD,CCY
THBNOK=X,THB/NOK,CCY
TRYISK=X,TRY/ISK,CCY
TRYJOD=X,TRY/JOD,CCY
TRYHKD=X,TRY/HKD,CCY
THBKES=X,THB/KES,CCY
THBJOD=X,THB/JOD,CCY
THBLKR=X,THB/LKR,CCY
TNDKES=X,TND/KES,CCY
TNDSGD=X,TND/SGD,CCY
TTDUSD=X,TTD/USD,CCY
TWDZAR=X,TWD/ZAR,CCY
29134360=X,,
TRYMYR=X,TRY/MYR,CCY
TRYCLP=X,TRY/CLP,CCY
TNDINR=X,TND/INR,CCY
TTDEUR=X,TTD/EUR,CCY
TRYCZK=X,TRY/CZK,CCY
TRYIDR=X,TRY/IDR,CCY
TWDPHP=X,TWD/PHP,CCY
TRY=X,USD/TRY,CCY
THBBHD=X,THB/BHD,CCY
THBCZK=X,THB/CZK,CCY
THBHUF=X,THB/HUF,CCY
THBUYU=X,THB/UYU,CCY
TOPGBP=X,TOP/GBP,CCY
TNDMUR=X,TND/MUR,CCY
TNDGBP=X,TND/GBP,CCY
TRYTND=X,TRY/TND,CCY
TWDPKR=X,TWD/PKR,CCY
TRYNZD=X,TRY/NZD,CCY
TRYRUB=X,TRY/RUB,CCY
THBLVL=X,THB/LVL,CCY
TRYPHP=X,TRY/PHP,CCY
TNDNOK=X,TND/NOK,CCY
TNDKRW=X,TND/KRW,CCY
TND=X,USD/TND,CCY
29134358=X,,
TNDCHF=X,TND/CHF,CCY
TJS=X,USD/TJS,CCY
TWDCAD=X,TWD/CAD,CCY
TWDEGP=X,TWD/EGP,CCY
TNDHKD=X,TND/HKD,CCY
THBMAD=X,THB/MAD,CCY
TWDTND=X,TWD/TND,CCY
TNDEUR=X,TND/EUR,CCY
TWDDKK=X,TWD/DKK,CCY
TWDOMR=X,TWD/OMR,CCY
TOPCHF=X,TOP/CHF,CCY
THBARS=X,THB/ARS,CCY
TRYSEK=X,TRY/SEK,CCY
TWDCHF=X,TWD/CHF,CCY
TNDCNY=X,TND/CNY,CCY
TNDPLN=X,TND/PLN,CCY
THBCNY=X,THB/CNY,CCY
TWDRUB=X,TWD/RUB,CCY
TNDUSD=X,TND/USD,CCY
THBSAR=X,THB/SAR,CCY
THBCLP=X,THB/CLP,CCY
TRYHUF=X,TRY/HUF,CCY
TWDTHB=X,TWD/THB,CCY
THBMUR=X,THB/MUR,CCY
TWDSEK=X,TWD/SEK,CCY
THBXDR=X,THB/XDR,CCY
TRYQAR=X,TRY/QAR,CCY
TWDCZK=X,TWD/CZK,CCY
THBPEN=X,THB/PEN,CCY
TRYMUR=X,TRY/MUR,CCY
TRYSGD=X,TRY/SGD,CCY
THBMYR=X,THB/MYR,CCY
THBINR=X,THB/INR,CCY
TOPUSD=X,TOP/USD,CCY
TWDJPY=X,TWD/JPY,CCY
TWDMUR=X,TWD/MUR,CCY
TRYPLN=X,TRY/PLN,CCY
THBILS=X,THB/ILS,CCY
TNDJPY=X,TND/JPY,CCY
TWDTRY=X,TWD/TRY,CCY
TNDTRY=X,TND/TRY,CCY
TRYMXN=X,TRY/MXN,CCY
TWDINR=X,TWD/INR,CCY
THBUSD=X,THB/USD,CCY
TNDQAR=X,TND/QAR,CCY
THBZAR=X,THB/ZAR,CCY
TNDOMR=X,TND/OMR,CCY
TRYSAR=X,TRY/SAR,CCY
TWDEUR=X,TWD/EUR,CCY
TWDPLN=X,TWD/PLN,CCY
THBTND=X,THB/TND,CCY
TOP=X,USD/TOP,CCY
TRYLTL=X,TRY/LTL,CCY
TJSCHF=X,TJS/CHF,CCY
THBJPY=X,THB/JPY,CCY
TTDDKK=X,TTD/DKK,CCY
TWDLVL=X,TWD/LVL,CCY
THBHKD=X,THB/HKD,CCY
TWDNOK=X,TWD/NOK,CCY
TZSINR=X,TZS/INR,CCY
TRYKRW=X,TRY/KRW,CCY
THB=X,USD/THB,CCY
TNDMXN=X,TND/MXN,CCY
THBGBP=X,THB/GBP,CCY
TNDMAD=X,TND/MAD,CCY
ZWL=X,USD/ZWL,CCY
XOF=X,USD/XOF,CCY
XCD=X,USD/XCD,CCY
VND=X,USD/VND,CCY
UZS=X,USD/UZS,CCY
UYUBRL=X,UYU/BRL,CCY
UYUBOB=X,UYU/BOB,CCY
UGXXOF=X,UGX/XOF,CCY
UAHUSD=X,UAH/USD,CCY
UYUGBP=X,UYU/GBP,CCY
UGXANG=X,UGX/ANG,CCY
UAH=X,USD/UAH,CCY
UGXTND=X,UGX/TND,CCY
UGXBMD=X,Uganda Shilling (b) vs Bermuda,CCY
UGXDKK=X,UGX/DKK,CCY
UGXIDR=X,UGX/IDR,CCY
UGXISK=X,UGX/ISK,CCY
UYUVEF=X,UYU/VEF,CCY
UGXBRL=X,UGX/BRL,CCY
UGXZWL=X,UGX/ZWL,CCY
UYUMXN=X,UYU/MXN,CCY
ZAR=X,USD/ZAR,CCY
UGXCNH=X,UGX/CNH,CCY
UGXHKD=X,UGX/HKD,CCY
ZMK=X,,
UGXTHB=X,UGX/THB,CCY
UGXZMW=X,UGX/ZMW,CCY
UGXRSD=X,UGX/RSD,CCY
UYUCLP=X,UYU/CLP,CCY
UGXMYR=X,UGX/MYR,CCY
UAHGBP=X,UAH/GBP,CCY
29134365=X,,
UGXJPY=X,UGX/JPY,CCY
UGXLKR=X,UGX/LKR,CCY
UYUCOP=X,UYU/COP,CCY
UYUPEN=X,UYU/PEN,CCY
UGXINR=X,UGX/INR,CCY
UGXNZD=X,UGX/NZD,CCY
UGXZAR=X,UGX/ZAR,CCY
UGXEGP=X,UGX/EGP,CCY
UYUUSD=X,UYU/USD,CCY
UGXSGD=X,UGX/SGD,CCY
UYUCHF=X,UYU/CHF,CCY
UGXKYD=X,UGX/KYD,CCY
ZMW=X,USD/ZMW,CCY
UGXTWD=X,UGX/TWD,CCY
UGXTOP=X,UGX/TOP,CCY
UGXCZK=X,UGX/CZK,CCY
29134364=X,,
UAHEUR=X,UAH/EUR,CCY
UAHCHF=X,UAH/CHF,CCY
UGXMXN=X,UGX/MXN,CCY
UGXNOK=X,UGX/NOK,CCY
UGXHUF=X,UGX/HUF,CCY
UGXARS=X,UGX/ARS,CCY
29134363=X,,
UGXBWP=X,UGX/BWP,CCY
UGXOMR=X,UGX/OMR,CCY
VUV=X,USD/VUV,CCY
UGXGHS=X,UGX/GHS,CCY
UGXRON=X,UGX/RON,CCY
UYUPYG=X,UYU/PYG,CCY
XDR=X,USD/XDR,CCY
UGXPKR=X,UGX/PKR,CCY
USD=X,USD/USD,CCY
UGXMWK=X,UGX/MWK,CCY
YER=X,USD/YER,CCY
UGXBDT=X,UGX/BDT,CCY
UYUTHB=X,UYU/THB,CCY
WST=X,USD/WST,CCY
UGXBGN=X,UGX/BGN,CCY
XPF=X,USD/XPF,CCY
UGXWST=X,UGX/WST,CCY
29134366=X,,
UGXVND=X,UGX/VND,CCY
UGXKRW=X,UGX/KRW,CCY
UGXKES=X,UGX/KES,CCY
UGXMUR=X,UGX/MUR,CCY
UGXCOP=X,UGX/COP,CCY
UGXSBD=X,UGX/SBD,CCY
UGXTZS=X,UGX/TZS,CCY
29134361=X,,
UGXNGN=X,UGXNGN=X,CCY
UAHCZK=X,UAH/CZK,CCY
UGXCLP=X,UGX/CLP,CCY
UGXPHP=X,UGX/PHP,CCY
UGXRWF=X,UGX/RWF,CCY
UGXRUB=X,UGX/RUB,CCY
UGXTRY=X,UGX/TRY,CCY
UGXILS=X,UGX/ILS,CCY
UGX=X,USD/UGX,CCY
UYUEUR=X,UYU/EUR,CCY
UGXKZT=X,UGX/KZT,CCY
UYU=X,USD/UYU,CCY
UGXAUD=X,UGX/AUD,CCY
UGXNAD=X,UGX/NAD,CCY
UYUARS=X,UYU/ARS,CCY
VEF=X,USD/VEF,CCY
XAF=X,USD/XAF,CCY
UGXFJD=X,UGX/FJD,CCY
UGXAFN=X,UGX/AFN,CCY
VUVUYU=X,VUV/UYU,CCY
VUVBOB=X,VUV/BOB,CCY
VNDJPY=X,VND/JPY,CCY
VEFUSD=X,VEF/USD,CCY
VEFARS=X,VEF/ARS,CCY
VUVMAD=X,VUV/MAD,CCY
VEFPEN=X,VEF/PEN,CCY
VUVEGP=X,VUV/EGP,CCY
VEFMXN=X,VEF/MXN,CCY
29134369=X,,
VEFXDR=X,VEF/XDR,CCY
VUVCHF=X,VUV/CHF,CCY
VEFCHF=X,VEF/CHF,CCY
VUVZAR=X,VUV/ZAR,CCY
VUVCLP=X,VUV/CLP,CCY
VEFCAD=X,VEF/CAD,CCY
VUVCOP=X,VUV/COP,CCY
VEFCLP=X,VEF/CLP,CCY
VEFBRL=X,VEF/BRL,CCY
VEFBOB=X,VEF/BOB,CCY
VEFPYG=X,VEF/PYG,CCY
VNDKRW=X,VND/KRW,CCY
VEFCOP=X,VEF/COP,CCY
VUVEUR=X,VUV/EUR,CCY
VUVUSD=X,VUV/USD,CCY
29134371=X,,
VUVVEF=X,VUV/VEF,CCY
VUVGBP=X,VUV/GBP,CCY
VUVILS=X,VUV/ILS,CCY
29134368=X,,
VUVNGN=X,VUV/NGN,CCY
VUVARS=X,VUV/ARS,CCY
VUVMUR=X,VUV/MUR,CCY
VUVJOD=X,VUV/JOD,CCY
VUVZWL=X,VUV/ZWL,CCY
VEFTHB=X,VEF/THB,CCY
VUVPEN=X,VUV/PEN,CCY
VUVSAR=X,VUV/SAR,CCY
VUVMXN=X,VUV/MXN,CCY
VUVBMD=X,VUV/BMD,CCY
VEFEUR=X,VEF/EUR,CCY
VUVCAD=X,VUV/CAD,CCY
VUVBRL=X,VUV/BRL,CCY
VEFGBP=X,VEF/GBP,CCY
29134370=X,,
VUVAED=X,VUV/AED,CCY
VEFUYU=X,VEF/UYU,CCY
WSTEUR=X,WST/EUR,CCY
WSTUSD=X,WST/USD,CCY
WSTGBP=X,WST/GBP,CCY
WSTCHF=X,WST/CHF,CCY
ZARUSD=X,ZAR/USD,CCY
XOFGHS=X,XOF/GHS,CCY
XDRGBP=X,XDR/GBP,CCY
XCDEUR=X,XCD/EUR,CCY
29134372=X,,
XAFDKK=X,XAF/DKK,CCY
XDRUSD=X,XDR/USD,CCY
XPFEUR=X,XPF/EUR,CCY
XPFCAD=X,XPF/CAD,CCY
XPFUSD=X,XPF/USD,CCY
ZARCHF=X,ZAR/CHF,CCY
XCDUSD=X,XCD/USD,CCY
ZAREUR=X,ZAR/EUR,CCY
XDRDKK=X,XDR/DKK,CCY
XPFCHF=X,XPF/CHF,CCY
XDRNOK=X,XDR/NOK,CCY
XPFGBP=X,XPF/GBP,CCY
XCDCAD=X,XCD/CAD,CCY
XOFDKK=X,XOF/DKK,CCY
XCDCHF=X,XCD/CHF,CCY
XDREUR=X,XDR/EUR,CCY
XCDDKK=X,XCD/DKK,CCY
XCDGBP=X,XCD/GBP,CCY
YERTHB=X,YER/THB,CCY
ZARTWD=X,ZAR/TWD,CCY
ZARRSD=X,ZAR/RSD,CCY
ZARMUR=X,ZAR/MUR,CCY
ZARLSL=X,ZAR/LSL,CCY
ZARHRK=X,ZAR/HRK,CCY
ZARKRW=X,ZAR/KRW,CCY
ZARMWK=X,ZAR/MWK,CCY
ZARPLN=X,ZAR/PLN,CCY
ZARAOA=X,ZAR/AOA,CCY
ZMWCAD=X,ZMW/CAD,CCY
ZARISK=X,ZAR/ISK,CCY
ZARINR=X,ZAR/INR,CCY
ZMWEUR=X,ZMW/EUR,CCY
ZARILS=X,ZAR/ILS,CCY
ZAREGP=X,ZAR/EGP,CCY
ZARPHP=X,ZAR/PHP,CCY
ZARLVL=X,ZAR/LVL,CCY
29134374=X,,
ZMWCHF=X,ZMW/CHF,CCY
ZARXDR=X,ZAR/XDR,CCY
ZARCNY=X,ZAR/CNY,CCY
ZMWDKK=X,ZMW/DKK,CCY
ZARSZL=X,ZAR/SZL,CCY
ZARBRL=X,ZAR/BRL,CCY
ZARPKR=X,ZAR/PKR,CCY
ZARIDR=X,ZAR/IDR,CCY
ZARLKR=X,ZAR/LKR,CCY
ZARTRY=X,ZAR/TRY,CCY
ZARBWP=X,ZAR/BWP,CCY
ZARNGN=X,ZAR/NGN,CCY
ZARLTL=X,ZAR/LTL,CCY
ZMWUSD=X,ZMW/USD,CCY
ZARRUB=X,ZAR/RUB,CCY
ZMWJPY=X,ZMW/JPY,CCY
ZARGHS=X,ZAR/GHS,CCY
ZARDKK=X,ZAR/DKK,CCY
ZARSCR=X,ZAR/SCR,CCY
ZARCZK=X,ZAR/CZK,CCY
ZARSAR=X,ZAR/SAR,CCY
ZARKWD=X,ZAR/KWD,CCY
ZARUGX=X,ZAR/UGX,CCY
ZMWGBP=X,ZMW/GBP,CCY
ZARHUF=X,ZAR/HUF,CCY
ZARKES=X,ZAR/KES,CCY
ZARTND=X,ZAR/TND,CCY
ZARCLP=X,ZAR/CLP,CCY
ZARMXN=X,ZAR/MXN,CCY
ZARAED=X,ZAR/AED,CCY
ZARMAD=X,ZAR/MAD,CCY
ZAROMR=X,ZAR/OMR,CCY
ZARTHB=X,ZAR/THB,CCY
ZARQAR=X,ZAR/QAR,CCY
ZARUAH=X,ZAR/UAH,CCY
29134373=X,,
ZARJOD=X,ZAR/JOD,CCY
