name,code
DL,000210.KS
DRB동일,004840.KS
DSR,155660.KS
GS,078930.KS
HDC현대산업개발,294870.KS
KG케미칼,001390.KS
KPX케미칼,025000.KS
KSS해운,044450.KS
KTis,058860.KS
LG이노텍,011070.KS
LG헬로비전,037560.KS
LX하우시스,108670.KS
LX홀딩스,383800.KS
MH에탄올,023150.KS
OCI,010060.KS
PI첨단소재,178920.KS
SK스퀘어,402340.KS
SK이노베이션,096770.KS
STX,011810.KS
WISCOM,024070.KS
갤럭시아에스엠,011420.KS
경농,002100.KS
경동인베스트,012320.KS
국도화학,007690.KS
극동유화,014530.KS
노루페인트,090350.KS
녹십자홀딩스,005250.KS
대덕전자,353200.KS
대성산업,128820.KS
대우건설,047040.KS
대원강업,000430.KS
동화약품,000020.KS
두산퓨얼셀,336260.KS
락앤락,115390.KS
롯데정보통신,286940.KS
메리츠증권,008560.KS
메리츠화재,000060.KS
명문제약,017180.KS
모나리자,012690.KS
모두투어리츠,204210.KS
보령,003850.KS
부국증권,001270.KS
비케이탑스,030790.KS
삼성엔지니어링,028050.KS
삼성전자,005930.KS
삼성출판사,068290.KS
삼양식품,003230.KS
삼영화학공업,003720.KS
삼익THK,004380.KS
삼호개발,010960.KS
선진,136490.KS
세방전지,004490.KS
신대양제지,016590.KS
신도리코,029530.KS
신세계인터내셔날,031430.KS
신한알파리츠,293940.KS
신한지주,055550.KS
에이블씨엔씨,078520.KS
영화금속,012280.KS
오뚜기,007310.KS
오리온,271560.KS
우진,105840.KS
윌비스,008600.KS
유나이티드,033270.KS
인지컨트롤스,023800.KS
인터지스,129260.KS
일성건설,013360.KS
일진다이아,081000.KS
자화전자,033240.KS
제일약품,271980.KS
제일파마홀딩스,002620.KS
조비,001550.KS
종근당홀딩스,001630.KS
진에어,272450.KS
케이씨티시,009070.KS
코람코더원리츠,417310.KS
코오롱글로벌,003070.KS
콘텐트리중앙,036420.KS
콤텍시스템,031820.KS
키다리스튜디오,020120.KS
태양금속공업,004100.KS
토니모리,214420.KS
한미사이언스,008930.KS
한샘,009240.KS
한솔로지스틱스,009180.KS
한일철강,002220.KS
한창제지,009460.KS
한화생명,088350.KS
핸즈코퍼레이션,143210.KS
현대건설,000720.KS
현대비앤지스틸,004560.KS
현대자동차,005380.KS
현대차증권,001500.KS
현대퓨처넷,126560.KS
호전실업,111110.KS
CJ CGV,079160.KS
CJ제일제당,097950.KS
CS홀딩스,000590.KS
DN오토모티브,007340.KS
DSR제강,069730.KS
F&F 홀딩스,007700.KS
GS리테일,007070.KS
HDC,012630.KS
JW홀딩스,096760.KS
KB금융,105560.KS
KEC,092220.KS
KR모터스,000040.KS
KTcs,058850.KS
LS전선아시아,229640.KS
SKC,011790.KS
SK디앤디,210980.KS
강원랜드,035250.KS
경동나비엔,009450.KS
교보증권,030610.KS
금강공업,014280.KS
금호건설,002990.KS
금호전기,001210.KS
기업은행,024110.KS
녹십자,006280.KS
다올투자증권,030210.KS
대구백화점,006370.KS
대성에너지,117580.KS
대원제약,003220.KS
대한방직,001070.KS
대한해운,005880.KS
덕양산업,024900.KS
동아에스티,170900.KS
동아지질,028100.KS
동양생명,082640.KS
동원금속,018500.KS
디아이,003160.KS
디앤디플랫폼리츠,377190.KS
롯데정밀화학,004000.KS
무학,033920.KS
보락,002760.KS
빙그레,005180.KS
사조대림,003960.KS
삼부토건,001470.KS
서원,021050.KS
세방,004360.KS
세아홀딩스,058650.KS
세우글로벌,013000.KS
세원정공,021820.KS
세이브존I&C,067830.KS
솔루스첨단소재,336370.KS
수산중공업,017550.KS
신송홀딩스,006880.KS
신일전자,002700.KS
아모레퍼시픽,090430.KS
아이마켓코리아,122900.KS
아이에이치큐,003560.KS
에스엠벡셀,010580.KS
엔씨소프트,036570.KS
영보화학,014440.KS
유니온머티리얼,047400.KS
이수화학,005950.KS
인디에프,014990.KS
인천도시가스,034590.KS
일동홀딩스,000230.KS
조흥,002600.KS
카카오뱅크,323410.KS
코리아써키트,007810.KS
코스모화학,005420.KS
코아스,071950.KS
코오롱,002020.KS
코오롱플라스틱,138490.KS
큐로,015590.KS
크래프톤,259960.KS
태광산업,003240.KS
태영건설,009410.KS
티비에이치글로벌,084870.KS
포스코케미칼,003670.KS
하이트진로,000080.KS
한국금융지주,071050.KS
한국전자홀딩스,006200.KS
한국조선해양,009540.KS
한국종합기술,023350.KS
한국타이어앤테크놀로지,161390.KS
한국프랜지공업,010100.KS
한온시스템,018880.KS
한올바이오파마,009420.KS
한화,000880.KS
호텔신라,008770.KS
화승인더스트리,006060.KS
화천기공,000850.KS
환인제약,016580.KS
효성,004800.KS
효성화학,298000.KS
흥국화재,000540.KS
BGF리테일,282330.KS
BNK금융지주,138930.KS
GS건설,006360.KS
LG전자,066570.KS
SBS,034120.KS
SG글로벌,001380.KS
SHD,001770.KS
SK,034730.KS
SK가스,018670.KS
SK디스커버리,006120.KS
SK렌터카,068400.KS
SK리츠,395400.KS
STX중공업,071970.KS
YG PLUS,037270.KS
국동,005320.KS
국제약품,002720.KS
금양,001570.KS
금호타이어,073240.KS
남선알미늄,008350.KS
농심홀딩스,072710.KS
다스코,058730.KS
대한유화,006650.KS
더블유게임즈,192080.KS
동방아그로,007590.KS
동서,026960.KS
동성케미컬,102260.KS
동양,001520.KS
동양철관,008970.KS
동원F&B,049770.KS
동원시스템즈,014820.KS
동일제강,002690.KS
디와이,013570.KS
마니커,027740.KS
맥쿼리인프라,088980.KS
메리츠금융지주,138040.KS
메타랩스,090370.KS
모토닉,009680.KS
미래에셋생명,085620.KS
미원화학,134380.KS
백산,035150.KS
범양건영,002410.KS
삼성바이오로직스,207940.KS
삼성증권,016360.KS
삼성카드,029780.KS
삼양홀딩스,000070.KS
삼영무역,002810.KS
삼일제약,000520.KS
삼정펄프,009770.KS
상상인증권,001290.KS
샘표식품,248170.KS
서연이화,200880.KS
성보화학,003080.KS
세아베스틸지주,001430.KS
송원산업,004430.KS
신성이엔지,011930.KS
신세계푸드,031440.KS
쌍용씨앤이,003410.KS
씨아이테크,004920.KS
아모레퍼시픽그룹,002790.KS
아이에스동서,010780.KS
아주스틸,139990.KS
애경산업,018250.KS
애경케미칼,161000.KS
에이프로젠,007460.KS
엔에이치엔,181710.KS
엠씨넥스,097520.KS
예스코홀딩스,015360.KS
우성,006980.KS
웅진,016880.KS
유니켐,011330.KS
유화증권,003460.KS
이구산업,025820.KS
이노션,214320.KS
이마트,139480.KS
이스타코,015020.KS
일성신약,003120.KS
제이에스코퍼레이션,194370.KS
종근당바이오,063160.KS
지투알,035000.KS
진도,088790.KS
진양화학,051630.KS
케이씨,029460.KS
케이탑리츠,145270.KS
코스모신소재,005070.KS
태평양물산,007980.KS
텔코웨어,078000.KS
티와이홀딩스,363280.KS
팜스코,036580.KS
하이스틸,071090.KS
하이트론씨스템즈,019490.KS
한국수출포장공업,002200.KS
한국앤컴퍼니,000240.KS
한국자산신탁,123890.KS
한국전력공사,015760.KS
한국주강,025890.KS
한솔홀딩스,004150.KS
한신기계공업,011700.KS
한일시멘트,300720.KS
한화에어로스페이스,012450.KS
해태제과식품,101530.KS
현대글로비스,086280.KS
현대중공업,329180.KS
화승알앤에이,378850.KS
효성 ITX,094280.KS
휴니드테크놀러지스,005870.KS
AJ네트웍스,095570.KS
CJ대한통운,000120.KS
DL건설,001880.KS
F&F,383220.KS
HJ중공업,097230.KS
HL D&I,014790.KS
HMM,011200.KS
KPX홀딩스,092230.KS
LG생활건강,051900.KS
LG화학,051910.KS
LIG넥스원,079550.KS
NH올원리츠,400760.KS
NH투자증권,005940.KS
NICE,034310.KS
NI스틸,008260.KS
SH에너지화학,002360.KS
SK네트웍스,001740.KS
SK증권,001510.KS
SK텔레콤,017670.KS
경인양행,012610.KS
경인전자,009140.KS
교촌에프앤비,339770.KS
국보,001140.KS
기신정기,092440.KS
까뮤이앤씨,013700.KS
넥센타이어,002350.KS
농심,004370.KS
대덕,008060.KS
대동전자,008110.KS
대림비앤코,005750.KS
대양금속,009190.KS
대웅제약,069620.KS
대창,012800.KS
대한전선,001440.KS
대한항공,003490.KS
대호에이엘,069460.KS
동국제강,001230.KS
두산밥캣,241560.KS
디아이동일,001530.KS
디아이씨,092200.KS
롯데관광개발,032350.KS
롯데칠성음료,005300.KS
롯데케미칼,011170.KS
마스턴프리미어리츠,357430.KS
맵스리얼티1,094800.KS
미래아이앤지,007120.KS
미래에셋글로벌리츠,396690.KS
바다로19호,155900.KS
부산산업,011390.KS
부산주공,005030.KS
사조산업,007160.KS
사조씨푸드,014710.KS
삼성제약,001360.KS
삼원강재,023000.KS
삼일씨엔에스,004440.KS
삼화왕관,004450.KS
서연,007860.KS
세아특수강,019440.KS
세진중공업,075580.KS
셀트리온,068270.KS
신성통상,005390.KS
신한서부티엔디리츠,404990.KS
쌍용자동차,003620.KS
써니전자,004770.KS
쎌마테라퓨틱스,015540.KS
씨에스윈드,112610.KS
아세아제지,002310.KS
에넥스,011090.KS
에스제이엠,123700.KS
엔케이,085310.KS
엔피씨,004250.KS
엘에스일렉트릭,010120.KS
영원무역,111770.KS
영원무역홀딩스,009970.KS
용평리조트,070960.KS
우신시스템,017370.KS
우진플라임,049800.KS
유니드,014830.KS
유안타증권,003470.KS
유진증권,001200.KS
이건산업,008250.KS
이연제약,102460.KS
인바이오젠,101140.KS
인스코비,006490.KS
제주은행,006220.KS
조광페인트,004910.KS
조선내화,000480.KS
지엠비코리아,013870.KS
케이씨씨,002380.KS
케이씨씨글라스,344820.KS
코오롱인더,120110.KS
태경케미컬,006890.KS
티케이지휴켐스,069260.KS
페이퍼코리아,001020.KS
플레이그램,009810.KS
하나제약,293480.KS
하나투어,039130.KS
한국공항,005430.KS
한국철강,104700.KS
한국콜마,161890.KS
한국패러랠,168490.KS
한미글로벌,053690.KS
한신공영,004960.KS
한양증권,001750.KS
한진,002320.KS
한진중공업홀딩스,003480.KS
현대건설기계,267270.KS
현대두산인프라코어,042670.KS
현대에너지솔루션,322000.KS
현대일렉트릭,267260.KS
현대제철,004020.KS
화승코퍼레이션,013520.KS
황금에스티,032560.KS
효성중공업,298040.KS
효성첨단소재,298050.KS
AK홀딩스,006840.KS
CJ,001040.KS
DB금융투자,016610.KS
DGB금융지주,139130.KS
ESR켄달스퀘어리츠,365550.KS
KG스틸,016380.KS
KISCO홀딩스,001940.KS
LG디스플레이,034220.KS
LG에너지솔루션,373220.KS
LS,006260.KS
LX인터내셔널,001120.KS
NH프라임리츠,338100.KS
S-Oil,010950.KS
SK바이오사이언스,302440.KS
SK케미칼,285130.KS
SK하이닉스,000660.KS
SNT모티브,064960.KS
계룡건설산업,013580.KS
고려아연,010130.KS
기아,000270.KS
남양유업,003920.KS
남해화학,025860.KS
다이나믹디자인,145210.KS
대상,001680.KS
대성홀딩스,016710.KS
대우조선해양,042660.KS
대한제강,084010.KS
대한제당,001790.KS
더존비즈온,012510.KS
롯데하이마트,071840.KS
만호제강,001080.KS
모나미,005360.KS
문배철강,008420.KS
미창석유공업,003650.KS
백광산업,001340.KS
벽산,007210.KS
부광약품,003000.KS
부국철강,026940.KS
비비안,002070.KS
비상교육,100220.KS
삼성공조,006660.KS
삼성생명,032830.KS
삼양패키징,272550.KS
삼화전기,009470.KS
삼화페인트공업,000390.KS
샘표,007540.KS
서흥,008490.KS
선도전기,007610.KS
세하,027970.KS
센트럴인사이트,012600.KS
수산인더스트리,126720.KS
신라교역,004970.KS
신세계건설,034300.KS
신영와코루,005800.KS
신영증권,001720.KS
신원,009270.KS
신풍제약,019170.KS
아세아시멘트,183190.KS
아시아나IDT,267850.KS
에스엘,005850.KS
에어부산,298690.KS
엘브이엠씨,900140.KS
영흥,012160.KS
우리금융지주,316140.KS
웰바이오텍,010600.KS
유니온,000910.KS
유한양행,000100.KS
이리츠코크렙,088260.KS
이월드,084680.KS
일진전기,103590.KS
제일기획,030000.KS
제일연마,001560.KS
조광피혁,004700.KS
조선선재,120030.KS
카카오,035720.KS
컨버즈,109070.KS
케이씨텍,281820.KS
케이티,030200.KS
코리안리,003690.KS
쿠쿠홀딩스,192400.KS
쿠쿠홈시스,284740.KS
크라운제과,264900.KS
크라운해태홀딩스,005740.KS
태림포장,011280.KS
태원물산,001420.KS
티에이치엔,019180.KS
퍼스텍,010820.KS
퍼시스,016800.KS
한국토지신탁,034830.KS
한국항공우주,047810.KS
한독,002390.KS
한솔제지,213500.KS
한솔케미칼,014680.KS
한솔테크닉스,004710.KS
한일현대시멘트,006390.KS
한전기술,052690.KS
한화시스템,272210.KS
해성디에스,195870.KS
현대리바트,079430.KS
현대백화점,069960.KS
현대엘리베이터,017800.KS
형지엘리트,093240.KS
혜인,003010.KS
휠라홀딩스,081660.KS
BGF,027410.KS
DB,012030.KS
DB손해보험,005830.KS
E1,017940.KS
HL홀딩스,060980.KS
JW생명과학,234080.KS
KC그린홀딩스,009440.KS
LG유플러스,032640.KS
LS네트웍스,000680.KS
SGC에너지,005090.KS
SIMPAC,009160.KS
SNT에너지,100840.KS
SNT중공업,003570.KS
SNT홀딩스,036530.KS
SPC삼립,005610.KS
STX엔진,077970.KS
경동도시가스,267290.KS
경방,000050.KS
고려제강,002240.KS
광동제약,009290.KS
광주신세계,037710.KS
금비,008870.KS
금호석유화학,011780.KS
대림통상,006570.KS
대신증권,003540.KS
대영포장,014160.KS
대원전선,006340.KS
대원화성,024890.KS
대유에이텍,002880.KS
대한화섬,003830.KS
덕성,004830.KS
덴티움,145720.KS
도화엔지니어링,002150.KS
동방,004140.KS
동부건설,005960.KS
동성제약,002210.KS
동아타이어,282690.KS
동양고속,084670.KS
동원수산,030720.KS
두산,000150.KS
두산에너빌리티,034020.KS
롯데지주,004990.KS
미원에스씨,268280.KS
삼성에스디에스,018260.KS
삼성중공업,010140.KS
삼양사,145990.KS
삼익악기,002450.KS
삼천리,004690.KS
서울식품공업,004410.KS
성창기업지주,000180.KS
세아제강,306200.KS
세아제강지주,003030.KS
세원이앤씨,091090.KS
세종공업,033530.KS
시디즈,134790.KS
신세계,004170.KS
신풍제지,002870.KS
아세아,002030.KS
에스디바이오센서,137310.KS
에스제이엠홀딩스,025530.KS
영진약품,003520.KS
영풍,000670.KS
유성기업,002920.KS
이아이디,093230.KS
일진홀딩스,015860.KS
자이에스앤디,317400.KS
제이알글로벌리츠,348950.KS
진양폴리우레탄,010640.KS
참엔지니어링,009310.KS
카카오페이,377300.KS
케이카,381970.KS
코람코에너지리츠,357120.KS
코스맥스,192820.KS
코스맥스비티아이,044820.KS
키움증권,039490.KS
티웨이항공,091810.KS
팜젠사이언스,004720.KS
팬오션,028670.KS
평화산업,090080.KS
포스코인터내셔널,047050.KS
한국ANKOR유전,152550.KS
한국화장품,123690.KS
한국화장품제조,003350.KS
한미반도체,042700.KS
한섬,020000.KS
한세실업,105630.KS
한솔홈데코,025750.KS
한전산업,130660.KS
한진칼,180640.KS
한컴라이프케어,372910.KS
한화손해보험,000370.KS
현대모비스,012330.KS
화승엔터프라이즈,241590.KS
화인베스틸,133820.KS
화천기계,010660.KS
효성티앤씨,298020.KS
후성,093370.KS
휴스틸,005010.KS
DB하이텍,000990.KS
DL이앤씨,375500.KS
HDC현대EP,089470.KS
HD현대,267250.KS
HLB글로벌,003580.KS
HSD엔진,082740.KS
JW중외제약,001060.KS
LF,093050.KS
POSCO홀딩스,005490.KS
SG세계물산,004060.KS
SK아이이테크놀로지,361610.KS
SUN&L,002820.KS
TCC스틸,002710.KS
TYM,002900.KS
가온전선,000500.KS
경보제약,214390.KS
고려산업,002140.KS
광전자,017900.KS
남광토건,001260.KS
남성,004270.KS
넥센,005720.KS
다우기술,023590.KS
대교,019680.KS
대우부품,009320.KS
대한제분,001130.KS
동남합성,023450.KS
동양피스톤,092780.KS
동원산업,006040.KS
디와이파워,210540.KS
롯데렌탈,089860.KS
롯데리츠,330590.KS
명신산업,009900.KS
무림P&P,009580.KS
미래에셋맵스리츠,357250.KS
미원상사,002840.KS
방림,003610.KS
베트남개발1,096300.KS
사조오양,006090.KS
삼성화재해상보험,000810.KS
삼아알미늄,006110.KS
삼양통상,002170.KS
삼영전자공업,005680.KS
삼진제약,005500.KS
삼화전자공업,011230.KS
새론오토모티브,075180.KS
성문전자,014910.KS
성안,011300.KS
센트랄모텍,308170.KS
솔루엠,248070.KS
스틱인베스트먼트,026890.KS
신세계I&C,035510.KS
쌍방울,102280.KS
쏘카,403550.KS
아남전자,008700.KS
알루코,001780.KS
에쓰씨엔지니어링,023960.KS
에이엔피,015260.KS
오리엔트바이오,002630.KS
오리온홀딩스,001800.KS
와이투솔루션,011690.KS
원림,005820.KS
유니퀘스트,077500.KS
이엔플러스,074610.KS
이지스밸류플러스리츠,334890.KS
일동제약,249420.KS
일신석재,007110.KS
일양약품,007570.KS
일진머티리얼즈,020150.KS
제이준코스메틱,025620.KS
주연테크,044380.KS
지누스,013890.KS
지역난방공사,071320.KS
케이비아이동국실업,001620.KS
케이티스카이라이프,053210.KS
코웨이,021240.KS
태경비케이,014580.KS
티웨이홀딩스,004870.KS
파미셀,005690.KS
풀무원,017810.KS
풍산홀딩스,005810.KS
프레스티지바이오파마,950210.KS
하이트진로홀딩스,000140.KS
한국단자공업,025540.KS
한국카본,017960.KS
한국콜마홀딩스,024720.KS
한농화성,011500.KS
한미약품,128940.KS
한세엠케이,069640.KS
한전KPS,051600.KS
한화솔루션,009830.KS
한화투자증권,003530.KS
현대약품,004310.KS
현대오토에버,307950.KS
현대해상,001450.KS
현대홈쇼핑,057050.KS
화성산업,002460.KS
휴비스,079980.KS
BYC,001460.KS
CJ씨푸드,011150.KS
GKL,114090.KS
GS글로벌,001250.KS
HDC랩스,039570.KS
HL만도,204320.KS
JB금융지주,175330.KS
KB스타리츠,432320.KS
KC코트렐,119650.KS
KH 필룩스,033180.KS
LG,003550.KS
NAVER,035420.KS
강남제비스코,000860.KS
계양전기,012200.KS
광명전기,017040.KS
그린케미칼,083420.KS
금호에이치티,214330.KS
깨끗한나라,004540.KS
넷마블,251270.KS
노루홀딩스,000320.KS
대동,000490.KS
대상홀딩스,084690.KS
대웅,003090.KS
대유플러스,000300.KS
대창단조,015230.KS
대현,016090.KS
동아쏘시오홀딩스,000640.KS
동일고무벨트,163560.KS
동일산업,004890.KS
두올,016740.KS
드림텍,192650.KS
디씨엠,024090.KS
롯데손해보험,000400.KS
롯데쇼핑,023530.KS
롯데제과,280360.KS
무림페이퍼,009200.KS
미래산업,025560.KS
미래에셋증권,006800.KS
미원홀딩스,107590.KS
보해양조,000890.KS
사조동아원,008040.KS
삼성SDI,006400.KS
삼성물산,028260.KS
삼성전기,009150.KS
삼화콘덴서공업,001820.KS
상신브레이크,041650.KS
서울도시가스,017390.KS
성신양회,004980.KS
세기상사,002420.KS
신흥,004080.KS
아센디오,012170.KS
아시아나항공,020560.KS
에스원,012750.KS
에스케이바이오팜,326030.KS
에이리츠,140910.KS
에이프로젠제약,003060.KS
에이플러스에셋,244920.KS
엔에이치스팩19호,380440.KS
영풍제지,006740.KS
우리종금,010050.KS
우진아이엔에스,010400.KS
웅진씽크빅,095720.KS
유수홀딩스,000700.KS
유엔젤,072130.KS
유유제약,000220.KS
율촌화학,008730.KS
이수페타시스,007660.KS
이지스레지던스리츠,350520.KS
이화산업,000760.KS
인팩,023810.KS
일신방직,003200.KS
일정실업,008500.KS
일진디스플,020760.KS
일진하이솔루스,271940.KS
잇츠한불,226320.KS
전방,000950.KS
제주항공,089590.KS
조일알미늄,018470.KS
종근당,185750.KS
진양산업,003780.KS
진양홀딩스,100250.KS
진원생명과학,011000.KS
진흥기업,002780.KS
천일고속,000650.KS
체시스,033250.KS
초록뱀헬스케어,118000.KS
카프로,006380.KS
케이티앤지,033780.KS
태경산업,015890.KS
테이팩스,055490.KS
평화홀딩스,010770.KS
포스코스틸리온,058430.KS
풍산,103140.KS
하나금융지주,086790.KS
하이브,352820.KS
한국가스공사,036460.KS
한국내화,010040.KS
한국석유공업,004090.KS
한국쉘석유,002960.KS
한국주철관공업,000970.KS
한국특강,007280.KS
한성기업,003680.KS
한세예스24홀딩스,016450.KS
한솔피엔에스,010420.KS
한익스프레스,014130.KS
한일홀딩스,003300.KS
한창,005110.KS
현대그린푸드,005440.KS
현대로템,064350.KS
현대미포조선,010620.KS
현대위아,011210.KS
현대코퍼레이션,011760.KS
현대코퍼레이션홀딩스,227840.KS
화신,010690.KS
흥아해운,003280.KS
CJ 바이오사이언스,311690.KQ
ES큐브,050120.KQ
HPSP,403870.KQ
IBKS제17호스팩,405350.KQ
ISC,095340.KQ
JW신약,067290.KQ
KB오토시스,024120.KQ
KH 전자,111870.KQ
KH바텍,060720.KQ
KT서브마린,060370.KQ
SCI평가정보,036120.KQ
TJ미디어,032540.KQ
감성코퍼레이션,036620.KQ
강스템바이오텍,217730.KQ
골프존,215000.KQ
공구우먼,366030.KQ
교보9호스팩,331520.KQ
국순당,043650.KQ
국일제지,078130.KQ
그리티,204020.KQ
글로본,019660.KQ
까스텔바작,308100.KQ
나노브릭,286750.KQ
나래나노텍,137080.KQ
네오리진,094860.KQ
네오티스,085910.KQ
네이처셀,007390.KQ
넥스턴바이오,089140.KQ
노을,376930.KQ
농우바이오,054050.KQ
뉴인텍,012340.KQ
뉴트리,270870.KQ
다나와,119860.KQ
다보링크,340360.KQ
다우데이타,032190.KQ
대봉엘에스,078140.KQ
대유,290380.KQ
대유에이피,290120.KQ
대한약품,023910.KQ
더블유씨피,393890.KQ
더블유에스아이,299170.KQ
덕산네오룩스,213420.KQ
동구바이오제약,006620.KQ
동방선기,099410.KQ
동양파일,228340.KQ
드림시큐리티,203650.KQ
디에이피,066900.KQ
디엔에이링크,127120.KQ
디지틀조선,033130.KQ
레드로버,060300.KQ
레몬,294140.KQ
룽투코리아,060240.KQ
리더스 기술투자,019570.KQ
링크제니시스,219420.KQ
마인즈랩,377480.KQ
모비스,250060.KQ
모트렉스,118990.KQ
미코바이오메드,214610.KQ
바이오에프디엔씨,251120.KQ
베뉴지,019010.KQ
브랜드엑스코퍼레이션,337930.KQ
브이씨,365900.KQ
비씨엔씨,146320.KQ
삼기,122350.KQ
삼보판지,023600.KQ
삼성스팩4호,377630.KQ
샘씨엔에스,252990.KQ
성도이엔지,037350.KQ
세아메카닉스,396300.KQ
세종메디칼,258830.KQ
셀루메드,049180.KQ
셀바스헬스케어,208370.KQ
슈피겐코리아,192440.KQ
스타플렉스,115570.KQ
스톤브릿지벤처스,330730.KQ
스페코,013810.KQ
시스웍,269620.KQ
시티랩스,139050.KQ
신라젠,215600.KQ
신영스팩6호,344050.KQ
신영스팩8호,430220.KQ
신한제9호스팩,405640.KQ
쌍용정보통신,010280.KQ
씨씨에스,066790.KQ
씨엔플러스,115530.KQ
씨케이에이치,900120.KQ
아스타,246720.KQ
아시아경제,127710.KQ
아이비김영,339950.KQ
아이센스,099190.KQ
아이에스이커머스,069920.KQ
아이윈,090150.KQ
아이컴포넌트,059100.KQ
아이티센,124500.KQ
아이티아이즈,372800.KQ
알비더블유,361570.KQ
알에프세미,096610.KQ
알에프텍,061040.KQ
알체라,347860.KQ
애니플러스,310200.KQ
앤디포스,238090.KQ
앱클론,174900.KQ
어보브반도체,102120.KQ
에스맥,097780.KQ
에스아이리소스,065420.KQ
에스앤더블류,103230.KQ
에스에너지,095910.KQ
에스에이티이엔지,351320.KQ
에스에프에이,056190.KQ
에쎈테크,043340.KQ
에이디엠코리아,187660.KQ
에이디테크놀로지,200710.KQ
에이스토리,241840.KQ
에이텍,045660.KQ
에이텍티앤,224110.KQ
에이티넘인베스트,021080.KQ
엑세스바이오,950130.KQ
엑시콘,092870.KQ
엔바이오니아,317870.KQ
엠게임,058630.KQ
엠피대산,065150.KQ
영화테크,265560.KQ
예스티,122640.KQ
오디텍,080520.KQ
오이솔루션,138080.KQ
오픈베이스,049480.KQ
옵티시스,109080.KQ
옵티팜,153710.KQ
원방테크,053080.KQ
원준,382840.KQ
웨이버스,336060.KQ
웨이브일렉트로,095270.KQ
웰크론,065950.KQ
유니온커뮤니티,203450.KQ
유니테스트,086390.KQ
유니테크노,241690.KQ
유성티엔에스,024800.KQ
유신,054930.KQ
유안타제7호스팩,367460.KQ
유티아이,179900.KQ
이랜텍,054210.KQ
이베스트스팩5호,349720.KQ
이스트소프트,047560.KQ
이엔코퍼레이션,066980.KQ
이엠넷,123570.KQ
인성정보,033230.KQ
인지소프트,100030.KQ
인텍플러스,064290.KQ
인포바인,115310.KQ
일승,333430.KQ
잉크테크,049550.KQ
자비스,254120.KQ
자이글,234920.KQ
정상제이엘에스,040420.KQ
제우스,079370.KQ
제이씨현시스템,033320.KQ
제이엘케이,322510.KQ
제이엠티,094970.KQ
제주반도체,080220.KQ
조아제약,034940.KQ
주성엔지니어링,036930.KQ
중앙디앤엠,051980.KQ
지니언스,263860.KQ
지아이텍,382480.KQ
지엔씨에너지,119850.KQ
지티지웰니스,219750.KQ
초록뱀컴퍼니,052300.KQ
캐스텍코리아,071850.KQ
커머스마이너,223310.KQ
케이비제20호스팩,342550.KQ
케이피엠테크,042040.KQ
케이피티유,054410.KQ
케일럼,258610.KQ
켄코아에어로스페이스,274090.KQ
코드네이처,078940.KQ
코리아에스이,101670.KQ
코스나인,082660.KQ
코스온,069110.KQ
코오롱생명과학,102940.KQ
코퍼스코리아,322780.KQ
클리오,237880.KQ
탑엔지니어링,065130.KQ
텔콘RF제약,200230.KQ
토탈소프트,045340.KQ
트루윈,105550.KQ
트윔,290090.KQ
특수건설,026150.KQ
티앤알바이오팹,246710.KQ
티에스넥스젠,043220.KQ
티케이케미칼,104480.KQ
파커스,065690.KQ
패션플랫폼,225590.KQ
포인트엔지니어링,256630.KQ
포커스에이치엔에스,331380.KQ
푸드웰,005670.KQ
풍원정밀,371950.KQ
프롬바이오,377220.KQ
플라즈맵,405000.KQ
피델릭스,032580.KQ
피에스엠씨,024850.KQ
피에스케이,319660.KQ
피에스케이홀딩스,031980.KQ
피제이전자,006140.KQ
하나금융19호스팩,388220.KQ
하이딥,365590.KQ
하이즈항공,221840.KQ
한국경제TV,039340.KQ
한국맥널티,222980.KQ
한국선재,025550.KQ
한국제10호스팩,409570.KQ
한국제11호스팩,436610.KQ
한독크린텍,256150.KQ
한솔인티큐브,070590.KQ
한양디지텍,078350.KQ
한화플러스제2호스팩,386580.KQ
현대무벡스,319400.KQ
현대바이오,048410.KQ
현대바이오랜드,052260.KQ
화성밸브,039610.KQ
휴림로봇,090710.KQ
희림,037440.KQ
APS홀딩스,054620.KQ
CNT85,056730.KQ
CS,065770.KQ
HLB생명과학,067630.KQ
HRS,036640.KQ
NHN벅스,104200.KQ
NICE평가정보,030190.KQ
TS트릴리온,317240.KQ
갤럭시아머니트리,094480.KQ
고바이오랩,348150.KQ
고영,098460.KQ
광림,014200.KQ
국영지앤엠,006050.KQ
나노엔텍,039860.KQ
나이벡,138610.KQ
네오크레마,311390.KQ
네오팜,092730.KQ
넥스틴,348210.KQ
넵튠,217270.KQ
노바렉스,194700.KQ
노터스,278650.KQ
누리플렉스,040160.KQ
뉴로스,126870.KQ
뉴파워프라즈마,144960.KQ
다날,064260.KQ
대성파인텍,104040.KQ
대양제지,006580.KQ
대창솔루션,096350.KQ
대한과학,131220.KQ
더네이쳐홀딩스,298540.KQ
동국산업,005160.KQ
동아엘텍,088130.KQ
동원개발,013120.KQ
디딤,217620.KQ
디스플레이텍,066670.KQ
디알텍,214680.KQ
디엔에프,092070.KQ
디오,039840.KQ
딜리,131180.KQ
딥노이드,315640.KQ
레드캡투어,038390.KQ
매일홀딩스,005990.KQ
맥스트,377030.KQ
머큐리,100590.KQ
메가엠디,133750.KQ
메디앙스,014100.KQ
메디콕스,054180.KQ
메타바이오메드,059210.KQ
멕아이씨에스,058110.KQ
멜파스,096640.KQ
모델솔루션,417970.KQ
모두투어,080160.KQ
무림SP,001810.KQ
미래에셋벤처투자,100790.KQ
미래에셋비전스팩1호,412930.KQ
부스타,008470.KQ
비덴트,121800.KQ
비엘,142760.KQ
비트컴퓨터,032850.KQ
비피도,238200.KQ
삼륭물산,014970.KQ
삼양옵틱스,225190.KQ
삼일기업공사,002290.KQ
삼표시멘트,038500.KQ
삼화네트웍스,046390.KQ
상보,027580.KQ
상신이디피,091580.KQ
상지카일룸,042940.KQ
서울리거,043710.KQ
성우하이텍,015750.KQ
성일하이텍,365340.KQ
세경하이테크,148150.KQ
세명전기,017510.KQ
셀바스AI,108860.KQ
솔고바이오,043100.KQ
솔브레인,357780.KQ
슈프리마,236200.KQ
스카이문스테크놀로지,033790.KQ
신라섬유,001000.KQ
싸이맥스,160980.KQ
쎄트렉아이,099320.KQ
씨앤씨인터내셔널,352480.KQ
씨앤투스성진,352700.KQ
아가방컴퍼니,013990.KQ
아모그린텍,125210.KQ
아모텍,052710.KQ
아미코젠,092040.KQ
아스플로,159010.KQ
아이엠,101390.KQ
아이퀘스트,262840.KQ
안국약품,001540.KQ
액트로,290740.KQ
에스티팜,237690.KQ
에이비프로바이오,195990.KQ
에이스침대,003800.KQ
에이프릴바이오,397030.KQ
에코마케팅,230360.KQ
에프알텍,073540.KQ
에프앤리퍼블릭,064090.KQ
엔에이치스팩24호,437780.KQ
엔지켐생명과학,183490.KQ
엠에프엠코리아,323230.KQ
영신금속,007530.KQ
영풍정밀,036560.KQ
예림당,036000.KQ
오공,045060.KQ
오성첨단소재,052420.KQ
옵투스제약,131030.KQ
옵트론텍,082210.KQ
와이더플래닛,321820.KQ
와이지-원,019210.KQ
우리로,046970.KQ
우림피티에스,101170.KQ
우수AMS,066590.KQ
원익홀딩스,030530.KQ
원일특강,012620.KQ
위세아이텍,065370.KQ
윈하이텍,192390.KQ
유안타제8호스팩,367480.KQ
유에스티,263770.KQ
이글벳,044960.KQ
이노시스,056090.KQ
이녹스,088390.KQ
이랜시스,264850.KQ
이브이첨단소재,131400.KQ
이삭엔지니어링,351330.KQ
이엠앤아이,083470.KQ
이지케어텍,099750.KQ
인선이엔티,060150.KQ
인콘,083640.KQ
인텔리안테크,189300.KQ
인트론바이오,048530.KQ
인포뱅크,039290.KQ
전진바이오팜,110020.KQ
정다운,208140.KQ
정원엔시스,045510.KQ
제놀루션,225220.KQ
제로투세븐,159580.KQ
제이시스메디칼,287410.KQ
젠큐릭스,229000.KQ
조이시티,067000.KQ
지니뮤직,043610.KQ
지니틱스,303030.KQ
천보,278280.KQ
카카오게임즈,293490.KQ
케이씨피드,025880.KQ
케이엔더블유,105330.KQ
코닉오토메이션,391710.KQ
코다코,046070.KQ
코리아센터,290510.KQ
코리아에셋투자증권,190650.KQ
코메론,049430.KQ
코미팜,041960.KQ
코아시아,045970.KQ
코아시아옵틱스,196450.KQ
코원플레이,056000.KQ
코위버,056360.KQ
크루셜텍,114120.KQ
태광,023160.KQ
테고사이언스,191420.KQ
테라사이언스,073640.KQ
테라젠이텍스,066700.KQ
토박스코리아,215480.KQ
티엘아이,062860.KQ
파루,043200.KQ
파멥신,208340.KQ
파수,150900.KQ
파인디지털,038950.KQ
파트론,091700.KQ
팬엔터테인먼트,068050.KQ
펌텍코리아,251970.KQ
풍강,093380.KQ
플레이디,237820.KQ
피에스텍,002230.KQ
피엔티,137400.KQ
피코그램,376180.KQ
픽셀플러스,087600.KQ
핀텔,291810.KQ
핑거,163730.KQ
하나금융22호스팩,418170.KQ
하나마이크론,067310.KQ
하림,136480.KQ
하이제7호스팩,400840.KQ
한국정보인증,053300.KQ
한국컴퓨터,054040.KQ
한국코퍼레이션,050540.KQ
한빛소프트,047080.KQ
한일화학,007770.KQ
한창바이오텍,043090.KQ
헥토파이낸셜,234340.KQ
현대이지웰,090850.KQ
휴네시온,290270.KQ
휴먼엔,032860.KQ
휴온스글로벌,084110.KQ
흥국에프엔비,189980.KQ
CBI,013720.KQ
KCC건설,021320.KQ
KCI,036670.KQ
KG ETS,151860.KQ
KX,122450.KQ
NEW,160550.KQ
SBI핀테크솔루션즈,950110.KQ
SG&G,040610.KQ
SGA솔루션즈,184230.KQ
iMBC,052220.KQ
가온미디어,078890.KQ
경남제약,053950.KQ
고려시멘트,198440.KQ
고려제약,014570.KQ
골든센츄리,900280.KQ
국일신동,060480.KQ
국전약품,307750.KQ
기가레인,049080.KQ
나노,187790.KQ
나무가,190510.KQ
나인테크,267320.KQ
남화산업,111710.KQ
남화토건,091590.KQ
넥스트아이,137940.KQ
다산네트웍스,039560.KQ
대명소노시즌,007720.KQ
대성미생물,036480.KQ
대성엘텍,025440.KQ
대원산업,005710.KQ
대한광통신,010170.KQ
도이치모터스,067990.KQ
동국제약,086450.KQ
동일기연,032960.KQ
듀오백,073190.KQ
디엑스앤브이엑스,180400.KQ
디지아이,043360.KQ
디지털대성,068930.KQ
디케이락,105740.KQ
래몽래인,200350.KQ
레고켐바이오,141080.KQ
로보스타,090360.KQ
루멘스,038060.KQ
리드코프,012700.KQ
미래컴퍼니,049950.KQ
바이옵트로,222160.KQ
박셀바이오,323990.KQ
배럴,267790.KQ
베셀,177350.KQ
보라티알,250000.KQ
브레인즈컴퍼니,099390.KQ
브리지텍,064480.KQ
비보존 헬스케어,082800.KQ
비즈니스온,138580.KQ
삼목에스폼,018310.KQ
삼진엘앤디,054090.KQ
삼천리자전거,024950.KQ
삼현철강,017480.KQ
새빗켐,107600.KQ
서산,079650.KQ
서전기전,189860.KQ
선익시스템,171090.KQ
선진뷰티사이언스,086710.KQ
성호전자,043260.KQ
세운메디칼,100700.KQ
셀피글로벌,068940.KQ
솔트웨어,328380.KQ
스튜디오드래곤,253450.KQ
시공테크,020710.KQ
시큐브,131090.KQ
신도기연,290520.KQ
신테카바이오,226330.KQ
쎄노텍,222420.KQ
씨에스베어링,297090.KQ
씨큐브,101240.KQ
씨티케이,260930.KQ
아모센스,357580.KQ
아이디피,332370.KQ
아이스크림에듀,289010.KQ
아이씨디,040910.KQ
아이즈비전,031310.KQ
아즈텍WB,032080.KQ
아진산업,013310.KQ
알티캐스트,085810.KQ
압타바이오,293780.KQ
애니젠,196300.KQ
어스앤에어로스페이스,263540.KQ
얼라인드,238120.KQ
에브리봇,270660.KQ
에스앤디,260970.KQ
에스제이그룹,306040.KQ
에스트래픽,234300.KQ
에이디칩스,054630.KQ
에이루트,096690.KQ
에이비엘바이오,298380.KQ
엑셈,205100.KQ
엔지스테크널러지,208860.KQ
엔케이맥스,182400.KQ
엔텔스,069410.KQ
엘디티,096870.KQ
엘비세미콘,061970.KQ
영림원소프트랩,060850.KQ
오스템임플란트,048260.KQ
오텍,067170.KQ
와이즈버즈,273060.KQ
우리바이오,082850.KQ
원텍,336570.KQ
원풍,008370.KQ
위닉스,044340.KQ
위메이드,112040.KQ
위메이드맥스,101730.KQ
유비벨록스,089850.KQ
유비쿼스,264450.KQ
유아이엘,049520.KQ
유안타제10호스팩,435380.KQ
유안타제9호스팩,430700.KQ
유진스팩7호,388800.KQ
유진스팩8호,413630.KQ
유틸렉스,263050.KQ
이건홀딩스,039020.KQ
이노와이어리스,073490.KQ
이니텍,053350.KQ
이미지스,115610.KQ
이화전기,024810.KQ
인바디,041830.KQ
인산가,277410.KQ
인지디스플레,037330.KQ
인트로메딕,150840.KQ
자이언트스텝,289220.KQ
재영솔루텍,049630.KQ
제이티,089790.KQ
제일테크노스,038010.KQ
좋은사람들,033340.KQ
지투파워,388050.KQ
진성티이씨,036890.KQ
청담글로벌,362320.KQ
초록뱀미디어,047820.KQ
캐리소프트,317530.KQ
캠시스,050110.KQ
컴투스홀딩스,063080.KQ
케어랩스,263700.KQ
케어젠,214370.KQ
케이피에프,024880.KQ
코스맥스엔비티,222040.KQ
코스메카코리아,241710.KQ
코이즈,121850.KQ
코프라,126600.KQ
키움제7호스팩,433530.KQ
태성,323280.KQ
태양,053620.KQ
태웅로직스,124560.KQ
토비스,051360.KQ
티비씨,033830.KQ
티엘비,356860.KQ
파나진,046210.KQ
파버나인,177830.KQ
퓨런티어,370090.KQ
프로이천,321260.KQ
프로텍,053610.KQ
플래티어,367000.KQ
피씨엘,241820.KQ
하나금융16호스팩,343510.KQ
한국알콜,017890.KQ
한국정보통신,025770.KQ
한국캐피탈,023760.KQ
한일단조,024740.KQ
해성옵틱스,076610.KQ
현우산업,092300.KQ
협진,138360.KQ
형지I&C,011080.KQ
DSC인베스트먼트,241520.KQ
EDGC,245620.KQ
EG,037370.KQ
GST,083450.KQ
HK이노엔,195940.KQ
IBKS제18호스팩,424760.KQ
IBKS제19호스팩,426550.KQ
ITX-AI,099520.KQ
KBG,318000.KQ
MDS테크,086960.KQ
PN풍년,024940.KQ
SDN,099220.KQ
가비아,079940.KQ
경남스틸,039240.KQ
경동제약,011040.KQ
골드앤에스,035290.KQ
골드퍼시픽,038530.KQ
글로벌텍스프리,204620.KQ
내츄럴엔도텍,168330.KQ
네오셈,253590.KQ
네오위즈홀딩스,042420.KQ
넥슨게임즈,225570.KQ
뉴프렉스,085670.KQ
대신밸런스제11호스팩,397500.KQ
대양전기공업,108380.KQ
대주산업,003310.KQ
덕산테코피아,317330.KQ
동진쎄미켐,005290.KQ
드림어스컴퍼니,060570.KQ
디바이스이엔지,187870.KQ
디비금융스팩10호,404950.KQ
디알젬,263690.KQ
디에스앤엘,141020.KQ
램테크놀러지,171010.KQ
레이언스,228850.KQ
레이크머티리얼즈,281740.KQ
루닛,328130.KQ
리노스,039980.KQ
링네트,042500.KQ
마이크로프랜드,147760.KQ
메가스터디교육,215200.KQ
메드팩토,235980.KQ
메디톡스,086900.KQ
모베이스전자,012860.KQ
모비데이즈,363260.KQ
모아데이타,288980.KQ
모코엠시스,333050.KQ
모헨즈,006920.KQ
미코,059090.KQ
바른전자,064520.KQ
바이넥스,053030.KQ
바이브컴퍼니,301300.KQ
바이오톡스텍,086040.KQ
바이온,032980.KQ
블루콤,033560.KQ
비에이치아이,083650.KQ
비트나인,357880.KQ
사람인에이치알,143240.KQ
삼아제약,009300.KQ
삼일,032280.KQ
삼지전자,037460.KQ
상상인인더스트리,101000.KQ
상아프론테크,089980.KQ
새로닉스,042600.KQ
샤페론,378800.KQ
서연탑메탈,019770.KQ
서울반도체,046890.KQ
서울전자통신,027040.KQ
서원인텍,093920.KQ
서진시스템,178320.KQ
서호전기,065710.KQ
성창오토텍,080470.KQ
세보엠이씨,011560.KQ
세종텔레콤,036630.KQ
세중,039310.KQ
셀트리온헬스케어,091990.KQ
슈프리마에이치큐,094840.KQ
시그네틱스,033170.KQ
시노펙스,025320.KQ
신영스팩7호,419270.KQ
신한제7호스팩,366330.KQ
씨아이에스,222080.KQ
씨앤지하이테크,264660.KQ
씨엔알리서치,359090.KQ
아세아텍,050860.KQ
아시아종묘,154030.KQ
아우딘퓨쳐스,227610.KQ
아이윈플러스,123010.KQ
알에스오토메이션,140670.KQ
알톤스포츠,123750.KQ
액션스퀘어,205500.KQ
에스디생명공학,217480.KQ
에스씨엠생명과학,298060.KQ
에스엔유,080000.KQ
에스텍파마,041910.KQ
에이스테크,088800.KQ
에이치엠씨제5호스팩,353060.KQ
에이티세미콘,089530.KQ
에이프로,262260.KQ
에이피티씨,089970.KQ
에프에스티,036810.KQ
엑스큐어,070300.KQ
엔시스,333620.KQ
엔에스,217820.KQ
엔켐,348370.KQ
엔투텍,227950.KQ
엔피디,198080.KQ
엘비루셈,376190.KQ
엘앤씨바이오,290650.KQ
엘오티베큠,083310.KQ
엠브레인,169330.KQ
엠투아이,347890.KQ
엠플러스,259630.KQ
예스24,053280.KQ
오가닉티코스메틱,900300.KQ
오르비텍,046120.KQ
오스테오닉,226400.KQ
오토앤,353590.KQ
오하임아이엔티,309930.KQ
와이아이케이,232140.KQ
와이어블,065530.KQ
와이팜,332570.KQ
우리산업홀딩스,072470.KQ
우양,103840.KQ
원익QnC,074600.KQ
위지윅스튜디오,299900.KQ
윌링스,313760.KQ
유니트론텍,142210.KQ
유아이디,069330.KQ
유일에너테크,340930.KQ
유진스팩6호,373340.KQ
이글루,067920.KQ
이루온,065440.KQ
이수앱지스,086890.KQ
이엘피,063760.KQ
이큐셀,160600.KQ
이트론,096040.KQ
인탑스,049070.KQ
인포마크,175140.KQ
일신바이오,068330.KQ
잉글우드랩,950140.KQ
제너셈,217190.KQ
제노레이,122310.KQ
제룡전기,033100.KQ
제주맥주,276730.KQ
젬백스,082270.KQ
지란지교시큐리티,208350.KQ
지엔코,065060.KQ
지오엘리먼트,311320.KQ
참좋은여행,094850.KQ
칩스앤미디어,094360.KQ
컴퍼니케이,307930.KQ
케이사인,192250.KQ
케이아이엔엑스,093320.KQ
켐온,217600.KQ
켐트로스,220260.KQ
코세스,089890.KQ
코엔텍,029960.KQ
코웰패션,033290.KQ
코윈테크,282880.KQ
큐브엔터,182360.KQ
크로바하이텍,043590.KQ
태웅,044490.KQ
테크윙,089030.KQ
티로보틱스,117730.KQ
티씨케이,064760.KQ
파라다이스,034230.KQ
파이버프로,368770.KQ
파인테크닉스,106240.KQ
파인텍,131760.KQ
파크시스템스,140860.KQ
펄어비스,263750.KQ
펩트론,087010.KQ
포스코 ICT,022100.KQ
폴라리스우노,114630.KQ
풍국주정,023900.KQ
퓨쳐켐,220100.KQ
프로스테믹스,203690.KQ
프리시젼바이오,335810.KQ
플래스크,041590.KQ
피씨디렉트,051380.KQ
피엔에이치테크,239890.KQ
피플바이오,304840.KQ
하나금융15호스팩,341160.KQ
하나머티리얼즈,166090.KQ
하이로닉,149980.KQ
하이텍팜,106190.KQ
한국유니온제약,080720.KQ
한솔아이원스,114810.KQ
한일사료,005860.KQ
해성티피씨,059270.KQ
헝셩그룹,900270.KQ
현대에이치티,039010.KQ
화일약품,061250.KQ
효성오앤비,097870.KQ
휴럼,353190.KQ
휴림네트웍스,192410.KQ
휴센텍,215090.KQ
휴엠앤씨,263920.KQ
휴젤,145020.KQ
3S,060310.KQ
CJ프레시웨이,051500.KQ
CNH,023460.KQ
DB금융스팩9호,367360.KQ
DMS,068790.KQ
GRT,900290.KQ
HB솔루션,297890.KQ
HLB,028300.KQ
HLB제약,047920.KQ
HLB테라퓨틱스,115450.KQ
KG모빌리언스,046440.KQ
LX세미콘,108320.KQ
SBS콘텐츠허브,046140.KQ
SK증권제8호스팩,435870.KQ
SV인베스트먼트,289080.KQ
TPC,048770.KQ
TS인베스트먼트,246690.KQ
YTN,040300.KQ
YW,051390.KQ
가온칩스,399720.KQ
광무,029480.KQ
교보11호스팩,397880.KQ
교보12호스팩,421800.KQ
나노캠텍,091970.KQ
나무기술,242040.KQ
나이스디앤비,130580.KQ
나이스정보통신,036800.KQ
네오오토,212560.KQ
네오이뮨텍,950220.KQ
노바텍,285490.KQ
녹원씨엔아이,065560.KQ
누보,332290.KQ
뉴보텍,060260.KQ
뉴지랩파마,214870.KQ
대신정보통신,020180.KQ
대원미디어,048910.KQ
대호특수강,021040.KQ
대화제약,067080.KQ
덕우전자,263600.KQ
데브시스터즈,194480.KQ
동신건설,025950.KQ
동아화성,041930.KQ
디모아,016670.KQ
디앤씨미디어,263720.KQ
디와이씨,310870.KQ
디이엔티,079810.KQ
라온피플,300120.KQ
랩지노믹스,084650.KQ
로보로보,215100.KQ
로스웰,900260.KQ
리메드,302550.KQ
린드먼아시아,277070.KQ
마크로젠,038290.KQ
멀티캠퍼스,067280.KQ
모베이스,101330.KQ
모아텍,033200.KQ
미스터블루,207760.KQ
바른손이앤에이,035620.KQ
바이오니아,064550.KQ
바이오다인,314930.KQ
바이오스마트,038460.KQ
바텍,043150.KQ
버킷스튜디오,066410.KQ
베노홀딩스,206400.KQ
보광산업,225530.KQ
보로노이,310210.KQ
본느,226340.KQ
브릿지바이오,288330.KQ
블리츠웨이,369370.KQ
비엠티,086670.KQ
비투엔,307870.KQ
비플라이소프트,148780.KQ
삼보모터스,053700.KQ
삼보산업,009620.KQ
삼영엠텍,054540.KQ
삼진,032750.KQ
상상인,038540.KQ
상상인제3호스팩,415580.KQ
서울바이오시스,092190.KQ
서울옥션,063170.KQ
서울제약,018680.KQ
성우테크론,045300.KQ
셀리버리,268600.KQ
소룩스,290690.KQ
소프트캠프,258790.KQ
손오공,066910.KQ
스튜디오산타클로스,204630.KQ
신성델타테크,065350.KQ
신한제8호스팩,393360.KQ
신화인터텍,056700.KQ
싸이버원,356890.KQ
싸이토젠,217330.KQ
씨유테크,376290.KQ
씨이랩,189330.KQ
아나패스,123860.KQ
아셈스,136410.KQ
아이엘사이언스,307180.KQ
아이오케이,078860.KQ
아이톡시,052770.KQ
아주IB투자,027360.KQ
안랩,053800.KQ
알서포트,131370.KQ
알파홀딩스,117670.KQ
알피바이오,314140.KQ
에너토크,019990.KQ
에스에이엠티,031330.KQ
에스피지,058610.KQ
에이비온,203400.KQ
에이프로젠 H&G,109960.KQ
에치에프알,230240.KQ
에코바이오,038870.KQ
에코캡,128540.KQ
에프앤가이드,064850.KQ
에프엔에스테크,083500.KQ
엔에이치스팩20호,391060.KQ
엘아이에스,138690.KQ
엘앤에프,066970.KQ
엘엠에스,073110.KQ
엠아이텍,179290.KQ
엠에스오토텍,123040.KQ
엠케이전자,033160.KQ
오션브릿지,241790.KQ
오스템,031510.KQ
오픈엣지테크놀로지,394280.KQ
올리패스,244460.KQ
와이엠씨,155650.KQ
와이엠티,251370.KQ
와이제이엠게임즈,193250.KQ
와토스코리아,079000.KQ
우리넷,115440.KQ
원익IPS,240810.KQ
위드텍,348350.KQ
위메이드플레이,123420.KQ
위지트,036090.KQ
윈스,136540.KQ
윈텍,320000.KQ
유니슨,018000.KQ
유니크,011320.KQ
유진테크,084370.KQ
유테크,178780.KQ
이상네트웍스,080010.KQ
이스트아시아홀딩스,900110.KQ
이엔드디,101360.KQ
이오플로우,294090.KQ
이즈미디어,181340.KQ
이퓨쳐,134060.KQ
이화공영,001840.KQ
인터엠,017250.KQ
인피니트헬스케어,071200.KQ
장원테크,174880.KQ
제노코,361390.KQ
제이웨이,058420.KQ
젬백스링크,064800.KQ
조광ILI,044060.KQ
줌인터넷,239340.KQ
중앙백신,072020.KQ
지니너스,389030.KQ
진바이오텍,086060.KQ
진시스템,363250.KQ
초록뱀이앤엠,131100.KQ
카나리아바이오,016790.KQ
카스,016920.KQ
카페24,042000.KQ
컴투스,078340.KQ
케스피온,079190.KQ
케이비제22호스팩,436530.KQ
케이에스피,073010.KQ
코나아이,052400.KQ
코디엠,224060.KQ
코센,009730.KQ
코텍,052330.KQ
큐로홀딩스,051780.KQ
큐리언트,115180.KQ
크리스탈신소재,900250.KQ
크린앤사이언스,045520.KQ
클래시스,214150.KQ
클리노믹스,352770.KQ
키네마스터,139670.KQ
투비소프트,079970.KQ
팅크웨어,084730.KQ
파마리서치,214450.KQ
파인엠텍,441270.KQ
팜스토리,027710.KQ
포바이포,389140.KQ
포시에스,189690.KQ
포인트모바일,318020.KQ
폴라리스오피스,041020.KQ
푸드나무,290720.KQ
피에이치씨,057880.KQ
피에이치에이,043370.KQ
피제이메탈,128660.KQ
하나금융21호스팩,406760.KQ
한국전자인증,041460.KQ
한국큐빅,021650.KQ
해성산업,034810.KQ
현대에버다임,041440.KQ
홈캐스트,064240.KQ
휴메딕스,200670.KQ
흥구석유,024060.KQ
DB금융스팩8호,367340.KQ
FSN,214270.KQ
GH신소재,130500.KQ
IBKS제13호스팩,351340.KQ
JTC,950170.KQ
JYP Ent.,035900.KQ
KBI메탈,024840.KQ
KPX생명과학,114450.KQ
RFHIC,218410.KQ
RF머트리얼즈,327260.KQ
UCI,038340.KQ
WI,073570.KQ
경창산업,024910.KQ
고려신용정보,049720.KQ
광진실업,026910.KQ
국보디자인,066620.KQ
그린플러스,186230.KQ
기산텔레콤,035460.KQ
나노씨엠에스,247660.KQ
네오위즈,095660.KQ
네패스,033640.KQ
넥스트칩,396270.KQ
대림제지,017650.KQ
대성하이텍,129920.KQ
대원,007680.KQ
대한뉴팜,054670.KQ
덕산하이메탈,077360.KQ
덕신하우징,090410.KQ
동국S&C,100130.KQ
동운아나텍,094170.KQ
디아이티,110990.KQ
디아크,078590.KQ
디에스케이,109740.KQ
디와이디,219550.KQ
디케이앤디,263020.KQ
디케이티,290550.KQ
라온시큐어,042510.KQ
라이트론,069540.KQ
라파스,214260.KQ
레이저쎌,412350.KQ
리더스코스메틱,016100.KQ
마이크로컨텍솔,098120.KQ
메디프론,065650.KQ
메지온,140410.KQ
미디어젠,279600.KQ
미래나노텍,095500.KQ
미래에셋대우스팩 5호,353490.KQ
바이오로그디바이스,208710.KQ
바이오플러스,099430.KQ
바이젠셀,308080.KQ
베스파,299910.KQ
뷰웍스,100120.KQ
비에이치,090460.KQ
비올,335890.KQ
비츠로셀,082920.KQ
비츠로테크,042370.KQ
비케이홀딩스,050090.KQ
빅텍,065450.KQ
삼성머스트스팩5호,380320.KQ
삼천당제약,000250.KQ
서린바이오,038070.KQ
서부T&D,006730.KQ
서암기계공업,100660.KQ
석경에이티,357550.KQ
세화피앤씨,252500.KQ
셀레믹스,331920.KQ
셀리드,299660.KQ
소니드,060230.KQ
솔루에타,154040.KQ
수산아이앤티,050960.KQ
수젠텍,253840.KQ
스맥,099440.KQ
시너지이노베이션,048870.KQ
신라에스지,025870.KQ
신일제약,012790.KQ
신한제10호스팩,418210.KQ
신화콘텍,187270.KQ
심텍,222800.KQ
쎄니트,037760.KQ
씨젠,096530.KQ
씨티씨바이오,060590.KQ
아리온,058220.KQ
아비코전자,036010.KQ
아이디스홀딩스,054800.KQ
아이쓰리시스템,214430.KQ
알테오젠,196170.KQ
애드바이오텍,179530.KQ
애머릿지,900100.KQ
앱코,129890.KQ
에스에이티,060540.KQ
에스엘바이오닉스,214310.KQ
에스엠코어,007820.KQ
에스코넥,096630.KQ
에스티오,098660.KQ
에이치앤비디자인,227100.KQ
에이치엘사이언스,239610.KQ
에이치엠씨제4호스팩,353070.KQ
에이치와이티씨,148930.KQ
에이테크솔루션,071670.KQ
에코프로,086520.KQ
에코프로비엠,247540.KQ
에프엔씨엔터,173940.KQ
엔브이에이치코리아,067570.KQ
엔시트론,101400.KQ
엔에프씨,265740.KQ
엘컴텍,037950.KQ
엠로,058970.KQ
엠벤처투자,019590.KQ
엠에스씨,009780.KQ
연우,115960.KQ
영창케미칼,112290.KQ
오리엔탈정공,014940.KQ
오킨스전자,080580.KQ
와이솔,122990.KQ
와이엔텍,067900.KQ
와이오엠,066430.KQ
우원개발,046940.KQ
웹젠,069080.KQ
웹케시,053580.KQ
위더스제약,330350.KQ
유네코,064510.KQ
유라테크,048430.KQ
유바이오로직스,206650.KQ
유일로보틱스,388720.KQ
육일씨엔에쓰,191410.KQ
율호,072770.KQ
이노뎁,303530.KQ
이엠코리아,095190.KQ
이지바이오,353810.KQ
인카금융서비스,211050.KQ
인화정공,101930.KQ
일지테크,019540.KQ
제넨바이오,072520.KQ
제이에스티나,026040.KQ
제이엠아이,033050.KQ
제일바이오,052670.KQ
제일전기공업,199820.KQ
지나인제약,078650.KQ
지더블유바이텍,036180.KQ
지엔원에너지,270520.KQ
진로발효,018120.KQ
차백신연구소,261780.KQ
체리부로,066360.KQ
케이디켐,221980.KQ
케이비제21호스팩,424140.KQ
케이씨에스,115500.KQ
케이씨티,089150.KQ
케이엠더블유,032500.KQ
케이옥션,102370.KQ
케이피에스,256940.KQ
코난테크놀로지,402030.KQ
코맥스,036690.KQ
코아스템,166480.KQ
쿠콘,294570.KQ
큐렉소,060280.KQ
큐로컴,040350.KQ
큐캐피탈,016600.KQ
키이스트,054780.KQ
티앤엘,340570.KQ
티에스아이,277880.KQ
티에스이,131290.KQ
파세코,037070.KQ
판타지오,032800.KQ
팜스빌,318010.KQ
팬스타엔터프라이즈,054300.KQ
포메탈,119500.KQ
푸른저축은행,007330.KQ
플레이위드,023770.KQ
피엔케이피부임상연구센타,347740.KQ
피피아이,062970.KQ
필옵틱스,161580.KQ
핌스,347770.KQ
하나금융23호스팩,427950.KQ
하나머스트7호스팩,372290.KQ
한국파마,032300.KQ
한송네오텍,226440.KQ
한창산업,079170.KQ
핸디소프트,220180.KQ
현대공업,170030.KQ
화신정공,126640.KQ
휴마시스,205470.KQ
휴맥스,115160.KQ
휴맥스홀딩스,028080.KQ
휴비츠,065510.KQ
흥국,010240.KQ
CMG제약,058820.KQ
CSA 코스믹,083660.KQ
EV수성,084180.KQ
HB테크놀러지,078150.KQ
IBKS제12호스팩,335870.KQ
IBKS제16호스팩,388790.KQ
KD,044180.KQ
KG이니시스,035600.KQ
KNN,058400.KQ
NE능률,053290.KQ
NHN한국사이버결제,060250.KQ
SBI인베스트먼트,019550.KQ
SBW생명과학,151910.KQ
SG,255220.KQ
SM C&C,048550.KQ
YBM넷,057030.KQ
강원에너지,114190.KQ
구영테크,053270.KQ
금강철강,053260.KQ
나라엠앤디,051490.KQ
나우IB,293580.KQ
네오펙트,290660.KQ
네이블커뮤니케이션즈,153460.KQ
네패스아크,330860.KQ
노블엠앤비,106520.KQ
녹십자엠에스,142280.KQ
다올인베스트먼트,298870.KQ
다원시스,068240.KQ
대동금속,020400.KQ
대동기어,008830.KQ
대륙제관,004780.KQ
대명에너지,389260.KQ
대모,317850.KQ
대보마그네틱,290670.KQ
대성창투,027830.KQ
대정화금,120240.KQ
대창스틸,140520.KQ
대한그린파워,060900.KQ
동성화인텍,033500.KQ
동양에스텍,060380.KQ
동양이엔피,079960.KQ
동우팜투테이블,088910.KQ
디와이피엔에프,104460.KQ
디젠스,113810.KQ
러셀,217500.KQ
레이,228670.KQ
로지시스,067730.KQ
매일유업,267980.KQ
메가스터디,072870.KQ
메디포스트,078160.KQ
명성티엔에스,257370.KQ
모다이노칩,080420.KQ
모바일어플라이언스,087260.KQ
모비릭스,348030.KQ
미투온,201490.KQ
미투젠,950190.KQ
바디텍메드,206640.KQ
바이오솔루션,086820.KQ
범한퓨얼셀,382900.KQ
부방,014470.KQ
뷰노,338220.KQ
브이원텍,251630.KQ
비나텍,126340.KQ
비스토스,419540.KQ
비엘팜텍,065170.KQ
삼성스팩6호,425290.KQ
삼영에스앤씨,361670.KQ
상신전자,263810.KQ
서플러스글로벌,140070.KQ
서한,011370.KQ
선광,003100.KQ
선바이오,067370.KQ
성광벤드,014620.KQ
성우전자,081580.KQ
세코닉스,053450.KQ
센코,347000.KQ
소마젠,950200.KQ
소프트센,032680.KQ
솔본,035610.KQ
스마트솔루션즈,136510.KQ
스코넥,276040.KQ
스킨앤스킨,159910.KQ
신진에스엠,138070.KQ
신흥에스이씨,243840.KQ
심텍홀딩스,036710.KQ
쎌바이오텍,049960.KQ
씨유메디칼,115480.KQ
아미노로직스,074430.KQ
아바텍,149950.KQ
아이디스,143160.KQ
아이씨에이치,368600.KQ
아이앤씨,052860.KQ
아이에이,038880.KQ
아이티엠반도체,084850.KQ
아진엑스텍,059120.KQ
아톤,158430.KQ
아프리카TV,067160.KQ
안트로젠,065660.KQ
알엔투테크놀로지,148250.KQ
압타머사이언스,291650.KQ
액토즈소프트,052790.KQ
앤씨앤,092600.KQ
에스디시스템,121890.KQ
에스앤에스텍,101490.KQ
에스엠,041510.KQ
에스티아이,039440.KQ
에스티큐브,052020.KQ
에이치케이,044780.KQ
에이팩트,200470.KQ
엑사이엔씨,054940.KQ
엔비티,236810.KQ
엔에스엔,031860.KQ
엔에이치스팩22호,396770.KQ
엘앤케이바이오,156100.KQ
엠투엔,033310.KQ
오로스테크놀로지,322310.KQ
오리콤,010470.KQ
오비고,352910.KQ
오파스넷,173130.KQ
우리기술,032820.KQ
우리기술투자,041190.KQ
우리엔터프라이즈,037400.KQ
우리이앤엘,153490.KQ
원티드랩,376980.KQ
월덱스,101160.KQ
웰크론한텍,076080.KQ
웹스,196700.KQ
위니아에이드,377460.KQ
윙입푸드,900340.KQ
유니셈,036200.KQ
유진기업,023410.KQ
유진로봇,056080.KQ
이노인스트루먼트,215790.KQ
이녹스첨단소재,272290.KQ
이라이콤,041520.KQ
이베스트투자증권,078020.KQ
이엔에프테크놀로지,102710.KQ
이엠텍,091120.KQ
이원컴포텍,088290.KQ
이크레더블,092130.KQ
인베니아,079950.KQ
인크로스,216050.KQ
일야,058450.KQ
일진파워,094820.KQ
제노포커스,187420.KQ
제닉,123330.KQ
제룡산업,147830.KQ
제이브이엠,054950.KQ
제이씨케미칼,137950.KQ
제이앤티씨,204270.KQ
제이엔케이히터,126880.KQ
중앙에너비스,000440.KQ
지놈앤컴퍼니,314130.KQ
지앤비에스엔지니어링,382800.KQ
지엘팜텍,204840.KQ
진매트릭스,109820.KQ
창해에탄올,004650.KQ
컬러레이,900310.KQ
케이엔제이,272110.KQ
케이엠,083550.KQ
케이프,064820.KQ
코데즈컴바인,047770.KQ
코디,080530.KQ
코리아에프티,123410.KQ
코오롱티슈진,950160.KQ
콜마비앤에이치,200130.KQ
큐라클,365270.KQ
크레버스,096240.KQ
클라우드에어,036170.KQ
키움제6호스팩,413600.KQ
타이거일렉,219130.KQ
탑코미디어,134580.KQ
테스,095610.KQ
톱텍,108230.KQ
툴젠,199800.KQ
티사이언티픽,057680.KQ
티피씨글로벌,130740.KQ
파워로직스,047310.KQ
팬젠,222110.KQ
폴라리스세원,234100.KQ
프리엠스,053160.KQ
플랜티넷,075130.KQ
피앤씨테크,237750.KQ
하나금융20호스팩,400560.KQ
하나금융24호스팩,430230.KQ
하나금융25호스팩,435620.KQ
하림지주,003380.KQ
하이소닉,106080.KQ
하이제6호스팩,377400.KQ
한국가구,004590.KQ
한국비엔씨,256840.KQ
한국정밀기계,101680.KQ
한글과컴퓨터,030520.KQ
한양이엔지,045100.KQ
한일진공,123840.KQ
한화플러스제3호스팩,430460.KQ
헬릭스미스,084990.KQ
휴온스,243070.KQ
AP시스템,265520.KQ
AP위성,211270.KQ
BNGT,032790.KQ
CJ ENM,035760.KQ
KH 건설,226360.KQ
KX하이텍,052900.KQ
S&K폴리텍,091340.KQ
SFA반도체,036540.KQ
SGA,049470.KQ
SGC이테크건설,016250.KQ
SM Life Design,063440.KQ
THE E&M,089230.KQ
THE MIDONG,161570.KQ
TKG애강,022220.KQ
골프존뉴딘홀딩스,121440.KQ
교보10호기업인수목적,355150.KQ
그래디언트,035080.KQ
글로벌에스엠,900070.KQ
금화피에스시,036190.KQ
나노신소재,121600.KQ
나스미디어,089600.KQ
네온테크,306620.KQ
노랑풍선,104620.KQ
녹십자웰빙,234690.KQ
누리플랜,069140.KQ
다믈멀티미디어,093640.KQ
대동스틸,048470.KQ
대신밸런스제10호스팩,387310.KQ
대신밸런스제12호스팩,426670.KQ
대아티아이,045390.KQ
대주전자재료,078600.KQ
데이타솔루션,263800.KQ
덱스터,206560.KQ
덴티스,261200.KQ
동국알앤에스,075970.KQ
동일금속,109860.KQ
동일철강,023790.KQ
동화기업,025900.KQ
두산테스나,131970.KQ
드래곤플라이,030350.KQ
드림씨아이에스,223250.KQ
디어유,376300.KQ
디에이테크놀로지,196490.KQ
디지캡,197140.KQ
디티앤씨,187220.KQ
라닉스,317120.KQ
라온테크,232680.KQ
라이온켐텍,171120.KQ
라이프시맨틱스,347700.KQ
레인보우로보틱스,277810.KQ
로보티즈,108490.KQ
로체시스템즈,071280.KQ
루트로닉,085370.KQ
리노공업,058470.KQ
리파인,377450.KQ
마니커에프앤지,195500.KQ
마이크로디지탈,305090.KQ
매커스,093520.KQ
메디아나,041920.KQ
메이슨캐피탈,021880.KQ
메카로,241770.KQ
미래생명자원,218150.KQ
바른손,018700.KQ
백금T&A,046310.KQ
보성파워텍,006910.KQ
브이티지엠피,018290.KQ
블루베리 NFT,044480.KQ
비디아이,148140.KQ
비비씨,318410.KQ
비씨월드제약,200780.KQ
비아트론,141000.KQ
비츠로시스,054220.KQ
빅솔론,093190.KQ
빛샘전자,072950.KQ
삼강엠앤티,100090.KQ
삼영이엔씨,065570.KQ
서남,294630.KQ
서진오토모티브,122690.KQ
서희건설,035890.KQ
세동,053060.KQ
세림B&G,340440.KQ
세원물산,024830.KQ
세진티에스,067770.KQ
세토피아,222810.KQ
셀트리온제약,068760.KQ
솔브레인홀딩스,036830.KQ
솔트룩스,304100.KQ
쇼박스,086980.KQ
슈프리마아이디,317770.KQ
승일,049830.KQ
신신제약,002800.KQ
신원종합개발,017000.KQ
실리콘투,257720.KQ
썸에이지,208640.KQ
쏠리드,050890.KQ
아난티,025980.KQ
아바코,083930.KQ
아스트,067390.KQ
아이진,185490.KQ
아이큐어,175250.KQ
아이크래프트,052460.KQ
아이텍,119830.KQ
아이패밀리에스씨,114840.KQ
알로이스,297570.KQ
알리코제약,260660.KQ
야스,255440.KQ
양지사,030960.KQ
에스넷,038680.KQ
에스비비테크,389500.KQ
에스씨디,042110.KQ
에스에스알,275630.KQ
에스와이,109610.KQ
에스케이증권7호스팩,408920.KQ
에스텍,069510.KQ
에스폴리텍,050760.KQ
에스퓨얼셀,288620.KQ
에스피시스템스,317830.KQ
에이에프더블류,312610.KQ
에이치시티,072990.KQ
에이치피오,357230.KQ
에이트원,230980.KQ
에코프로에이치엔,383310.KQ
에코플라스틱,038110.KQ
엔에이치스팩23호,422040.KQ
엔젠바이오,354200.KQ
엔피,291230.KQ
엔피케이,048830.KQ
엘티씨,170920.KQ
영우디에스피,143540.KQ
예선테크,250930.KQ
오로라,039830.KQ
오리엔트정공,065500.KQ
오상자이엘,053980.KQ
오스코텍,039200.KQ
오에스피,368970.KQ
올릭스,226950.KQ
옴니시스템,057540.KQ
와이엠텍,273640.KQ
와이지엔터테인먼트,122870.KQ
우리산업,215360.KQ
우리손에프앤지,073560.KQ
우정바이오,215380.KQ
우주일렉트로,065680.KQ
우진비앤지,018620.KQ
원바이오젠,307280.KQ
원익,032940.KQ
원익머트리얼즈,104830.KQ
원익큐브,014190.KQ
원익피앤이,131390.KQ
원풍물산,008290.KQ
위니아,071460.KQ
위즈코프,038620.KQ
윈팩,097800.KQ
유비케어,032620.KQ
유비쿼스홀딩스,078070.KQ
이노룰스,296640.KQ
이노메트리,302430.KQ
이노테라피,246960.KQ
이루다,164060.KQ
이씨에스,067010.KQ
이오테크닉스,039030.KQ
이지트로닉스,377330.KQ
이지홀딩스,035810.KQ
인바이오,352940.KQ
인터로조,119610.KQ
인터플렉스,051370.KQ
자연과환경,043910.KQ
제넥신,095700.KQ
제이스코홀딩스,023440.KQ
제이스텍,090470.KQ
제테마,216080.KQ
지노믹트리,228760.KQ
지씨셀,144510.KQ
지어소프트,051160.KQ
지에스이,053050.KQ
진양제약,007370.KQ
차바이오텍,085660.KQ
참존글로벌,158310.KQ
카이노스메드,284620.KQ
케이엘넷,039420.KQ
케이엠제약,225430.KQ
케이티알파,036030.KQ
케이프이에스제4호,347140.KQ
켐트로닉스,089010.KQ
코렌텍,104540.KQ
코리아나,027050.KQ
코미코,183300.KQ
코콤,015710.KQ
퀀타매트릭스,317690.KQ
큐에스아이,066310.KQ
크리스에프앤씨,110790.KQ
크리스탈지노믹스,083790.KQ
탑머티리얼,360070.KQ
텔레칩스,054450.KQ
텔레필드,091440.KQ
티라유텍,322180.KQ
티움바이오,321550.KQ
티플랙스,081150.KQ
파나케이아,058530.KQ
파라텍,033540.KQ
파워넷,037030.KQ
파이오링크,170790.KQ
파인디앤씨,049120.KQ
포스코엠텍,009520.KQ
푸른기술,094940.KQ
프럼파스트,035200.KQ
프레스티지바이오로직스,334970.KQ
플리토,300080.KQ
하나기술,299030.KQ
하이록코리아,013030.KQ
하이비젼시스템,126700.KQ
하인크코리아,373200.KQ
하츠,066130.KQ
한국기업평가,034950.KQ
한국전자금융,063570.KQ
한국정보공학,039740.KQ
한국테크놀로지,053590.KQ
한국팩키지,037230.KQ
한네트,052600.KQ
한라IMS,092460.KQ
한스바이오메드,042520.KQ
한컴위드,054920.KQ
한탑,002680.KQ
헥토이노베이션,214180.KQ
홈센타홀딩스,060560.KQ
힘스,238490.KQ
